source,player,pos,team,bye,pass_yds,pass_tds,pass_int,rush_yds,rush_tds,fumbles_lost,two_pts,rec,rec_yds,rec_tds,xp,fg_0019,fg_2029,fg_3039,fg_4049,fg_50,fg_miss,dst_sacks,dst_int,dst_fum_rec,dst_td,dst_safety,dst_blk,dst_forced_fumble,dst_pts_allowed
CBS,Puka Estime,QB,CLE,12,4785.526,33.467,8.646,153.647,1.629,2.166,0.532,0,0,0,0,0,0,0,0,0,0,0,0,0,0,0,0,0,0
ESPN,Puka Estime,QB,CLE,12,4844.743,36.261,9.832,165.701,1.43,2.154,0.528,0,0,0,0,0,0,0,0,0,0,0,0,0,0,0,0,0,0
FantasyPros,Puka Estime,QB,CLE,12,4469.447,36.317,8.825,147.343,1.348,2.18,0.473,0,0,0,0,0,0,0,0,0,0,0,0,0,0,0,0,0,0
FFToday,Puka Estime,QB,CLE,12,4839.518,31.465,8.713,156.277,1.396,2.088,0.484,0,0,0,0,0,0,0,0,0,0,0,0,0,0,0,0,0,0
NumberFire,Puka Estime,QB,CLE,12,5291.977,33.428,8.907,156.419,1.458,2.214,0.502,0,0,0,0,0,0,0,0,0,0,0,0,0,0,0,0,0,0
NFL,Puka Estime,QB,CLE,12,4999.056,32.8,9.499,154.826,1.482,2.088,0.481,0,0,0,0,0,0,0,0,0,0,0,0,0,0,0,0,0,0
CBS,Kyren Etienne,QB,CIN,11,4676.602,31.716,8.657,154.44,1.497,2.206,0.474,0,0,0,0,0,0,0,0,0,0,0,0,0,0,0,0,0,0
ESPN,Kyren Etienne,QB,CIN,11,4622.291,36.178,9.802,149.471,1.458,2.203,0.504,0,0,0,0,0,0,0,0,0,0,0,0,0,0,0,0,0,0
FantasyPros,Kyren Etienne,QB,CIN,11,4649.37,29.938,9.063,148.372,1.541,2.401,0.495,0,0,0,0,0,0,0,0,0,0,0,0,0,0,0,0,0,0
FFToday,Kyren Etienne,QB,CIN,11,5026.173,32.717,8.295,158.611,1.394,2.468,0.499,0,0,0,0,0,0,0,0,0,0,0,0,0,0,0,0,0,0
NumberFire,Kyren Etienne,QB,CIN,11,4936.228,31.618,9.206,141.826,1.637,2.052,0.541,0,0,0,0,0,0,0,0,0,0,0,0,0,0,0,0,0,0
NFL,Kyren Etienne,QB,CIN,11,4176.068,29.236,7.834,153.647,1.464,2.117,0.467,0,0,0,0,0,0,0,0,0,0,0,0,0,0,0,0,0,0
CBS,Jonathon Hall,QB,PIT,11,4764.512,31.098,9.886,602.739,6.087,2.229,0.437,0,0,0,0,0,0,0,0,0,0,0,0,0,0,0,0,0,0
ESPN,Jonathon Hall,QB,PIT,11,4320.886,28.776,8.714,571.072,5.637,2.055,0.496,0,0,0,0,0,0,0,0,0,0,0,0,0,0,0,0,0,0
FantasyPros,Jonathon Hall,QB,PIT,11,4228.764,31.282,9.276,585.275,6.045,2.245,0.478,0,0,0,0,0,0,0,0,0,0,0,0,0,0,0,0,0,0
FFToday,Jonathon Hall,QB,PIT,11,4581.031,29.017,8.563,568.052,5.857,2.101,0.456,0,0,0,0,0,0,0,0,0,0,0,0,0,0,0,0,0,0
NumberFire,Jonathon Hall,QB,PIT,11,4607.905,31.883,8.777,564.452,6.234,2.056,0.479,0,0,0,0,0,0,0,0,0,0,0,0,0,0,0,0,0,0
NFL,Jonathon Hall,QB,PIT,11,3948.734,28.281,8.905,570.701,5.37,2.085,0.47,0,0,0,0,0,0,0,0,0,0,0,0,0,0,0,0,0,0
CBS,Ricky Tracy,QB,WAS,6,4526.768,30.04,9.272,138.902,1.272,2.201,0.429,0,0,0,0,0,0,0,0,0,0,0,0,0,0,0,0,0,0
ESPN,Ricky Tracy,QB,WAS,6,4257.506,29.911,7.98,137.363,1.316,2.052,0.469,0,0,0,0,0,0,0,0,0,0,0,0,0,0,0,0,0,0
FantasyPros,Ricky Tracy,QB,WAS,6,4148.593,32.574,8.389,131.118,1.329,2.267,0.48,0,0,0,0,0,0,0,0,0,0,0,0,0,0,0,0,0,0
FFToday,Ricky Tracy,QB,WAS,6,4235.616,29.778,7.854,135.692,1.332,1.822,0.467,0,0,0,0,0,0,0,0,0,0,0,0,0,0,0,0,0,0
NumberFire,Ricky Tracy,QB,WAS,6,4039.226,28.695,8.542,137.49,1.443,2.246,0.444,0,0,0,0,0,0,0,0,0,0,0,0,0,0,0,0,0,0
NFL,Ricky Tracy,QB,WAS,6,4519.592,29.999,9.24,139.658,1.41,2.112,0.453,0,0,0,0,0,0,0,0,0,0,0,0,0,0,0,0,0,0
CBS,Marcus Pollard,QB,KC,10,4044.058,28.666,8.86,128.595,1.397,2.15,0.434,0,0,0,0,0,0,0,0,0,0,0,0,0,0,0,0,0,0
ESPN,Marcus Pollard,QB,KC,10,4582.11,28.618,7.573,136.566,1.458,2.003,0.453,0,0,0,0,0,0,0,0,0,0,0,0,0,0,0,0,0,0
FantasyPros,Marcus Pollard,QB,KC,10,4082.751,30.11,8.472,135.264,1.352,2.293,0.43,0,0,0,0,0,0,0,0,0,0,0,0,0,0,0,0,0,0
FFToday,Marcus Pollard,QB,KC,10,3718.044,26.089,9.189,134.02,1.28,2.2,0.457,0,0,0,0,0,0,0,0,0,0,0,0,0,0,0,0,0,0
NumberFire,Marcus Pollard,QB,KC,10,3844.293,27.535,7.989,143.916,1.289,2.251,0.482,0,0,0,0,0,0,0,0,0,0,0,0,0,0,0,0,0,0
NFL,Marcus Pollard,QB,KC,10,4070.759,26.727,9.564,137.122,1.421,2.273,0.45,0,0,0,0,0,0,0,0,0,0,0,0,0,0,0,0,0,0
CBS,Bijan Corum,QB,CHI,10,4068.536,29.243,7.817,548.822,4.822,2.116,0.417,0,0,0,0,0,0,0,0,0,0,0,0,0,0,0,0,0,0
ESPN,Bijan Corum,QB,CHI,10,4016.744,28.015,8.615,503.979,4.953,2.03,0.455,0,0,0,0,0,0,0,0,0,0,0,0,0,0,0,0,0,0
FantasyPros,Bijan Corum,QB,CHI,10,4380.843,27.931,7.464,515.561,5.383,2.035,0.392,0,0,0,0,0,0,0,0,0,0,0,0,0,0,0,0,0,0
FFToday,Bijan Corum,QB,CHI,10,3452.238,24.734,8.436,509.404,5.392,2.098,0.456,0,0,0,0,0,0,0,0,0,0,0,0,0,0,0,0,0,0
NumberFire,Bijan Corum,QB,CHI,10,3685.942,29.29,9.386,493.276,5.258,1.908,0.387,0,0,0,0,0,0,0,0,0,0,0,0,0,0,0,0,0,0
NFL,Bijan Corum,QB,CHI,10,4376.51,28.485,8.375,531.492,5.331,1.959,0.406,0,0,0,0,0,0,0,0,0,0,0,0,0,0,0,0,0,0
CBS,Bo Robinson,QB,CIN,11,4000.429,25.502,8.433,130.323,1.275,2.081,0.417,0,0,0,0,0,0,0,0,0,0,0,0,0,0,0,0,0,0
ESPN,Bo Robinson,QB,CIN,11,4022.234,25.21,7.901,140.442,1.237,1.943,0.426,0,0,0,0,0,0,0,0,0,0,0,0,0,0,0,0,0,0
FantasyPros,Bo Robinson,QB,CIN,11,3985.149,26.816,8.853,131.507,1.31,2.206,0.425,0,0,0,0,0,0,0,0,0,0,0,0,0,0,0,0,0,0
FFToday,Bo Robinson,QB,CIN,11,3963.033,28.88,7.333,118.893,1.209,1.989,0.406,0,0,0,0,0,0,0,0,0,0,0,0,0,0,0,0,0,0
NumberFire,Bo Robinson,QB,CIN,11,3805.363,28.178,7.294,131.882,1.482,2.334,0.422,0,0,0,0,0,0,0,0,0,0,0,0,0,0,0,0,0,0
NFL,Bo Robinson,QB,CIN,11,3626.054,28.078,8.299,124.734,1.161,2.198,0.412,0,0,0,0,0,0,0,0,0,0,0,0,0,0,0,0,0,0
CBS,Ainias Allen,QB,WAS,6,4047.601,27.26,8.252,93.99,1.129,2.108,0.441,0,0,0,0,0,0,0,0,0,0,0,0,0,0,0,0,0,0
ESPN,Ainias Allen,QB,WAS,6,3944.157,24.543,8.196,121.209,1.245,2.145,0.371,0,0,0,0,0,0,0,0,0,0,0,0,0,0,0,0,0,0
FantasyPros,Ainias Allen,QB,WAS,6,3821.984,25.085,8.612,109.837,1.176,1.899,0.401,0,0,0,0,0,0,0,0,0,0,0,0,0,0,0,0,0,0
FFToday,Ainias Allen,QB,WAS,6,3498.516,24.845,7.72,118.689,1.153,2.204,0.357,0,0,0,0,0,0,0,0,0,0,0,0,0,0,0,0,0,0
NumberFire,Ainias Allen,QB,WAS,6,3607.99,29.297,7.997,120.953,1.184,2.044,0.375,0,0,0,0,0,0,0,0,0,0,0,0,0,0,0,0,0,0
NFL,Ainias Allen,QB,WAS,6,3564.482,25.711,9.208,128.366,1.161,2.234,0.382,0,0,0,0,0,0,0,0,0,0,0,0,0,0,0,0,0,0
CBS,Deven McConkey,QB,IND,8,3420.103,26.274,6.738,472.553,4.406,2.277,0.39,0,0,0,0,0,0,0,0,0,0,0,0,0,0,0,0,0,0
ESPN,Deven McConkey,QB,IND,8,4244.452,24.288,7.878,449.139,5.356,1.866,0.357,0,0,0,0,0,0,0,0,0,0,0,0,0,0,0,0,0,0
FantasyPros,Deven McConkey,QB,IND,8,3421.689,26.736,7.637,489.943,4.919,2.091,0.402,0,0,0,0,0,0,0,0,0,0,0,0,0,0,0,0,0,0
FFToday,Deven McConkey,QB,IND,8,3401.395,24.596,7.486,452.04,4.529,2.014,0.361,0,0,0,0,0,0,0,0,0,0,0,0,0,0,0,0,0,0
NumberFire,Deven McConkey,QB,IND,8,3533.752,26.788,7.641,486.044,4.214,2.046,0.404,0,0,0,0,0,0,0,0,0,0,0,0,0,0,0,0,0,0
NFL,Deven McConkey,QB,IND,8,3485.893,28.91,8.037,505.205,4.865,1.995,0.412,0,0,0,0,0,0,0,0,0,0,0,0,0,0,0,0,0,0
CBS,Ladd Nix,QB,NO,7,3815.188,22.651,8.538,116.816,1.176,2.026,0.36,0,0,0,0,0,0,0,0,0,0,0,0,0,0,0,0,0,0
ESPN,Ladd Nix,QB,NO,7,2939.372,27.105,7.927,126.342,1.2,1.778,0.373,0,0,0,0,0,0,0,0,0,0,0,0,0,0,0,0,0,0
FantasyPros,Ladd Nix,QB,NO,7,3508.688,25.717,7.847,118.869,1.315,1.979,0.38,0,0,0,0,0,0,0,0,0,0,0,0,0,0,0,0,0,0
FFToday,Ladd Nix,QB,NO,7,3440.997,22.28,7.584,113.105,1.159,2.17,0.37,0,0,0,0,0,0,0,0,0,0,0,0,0,0,0,0,0,0
NumberFire,Ladd Nix,QB,NO,7,3989.814,25.332,7.794,135.984,0.979,1.884,0.316,0,0,0,0,0,0,0,0,0,0,0,0,0,0,0,0,0,0
NFL,Ladd Nix,QB,NO,7,3761.151,23.94,8.288,100.491,0.941,2.059,0.401,0,0,0,0,0,0,0,0,0,0,0,0,0,0,0,0,0,0
CBS,Theo Daniels,QB,CAR,9,3708.29,24.701,6.996,105.803,0.982,2.04,0.37,0,0,0,0,0,0,0,0,0,0,0,0,0,0,0,0,0,0
ESPN,Theo Daniels,QB,CAR,9,3216.049,24.724,6.938,106.825,1.123,1.951,0.33,0,0,0,0,0,0,0,0,0,0,0,0,0,0,0,0,0,0
FantasyPros,Theo Daniels,QB,CAR,9,3566.466,25.415,8.105,99.743,1.133,1.976,0.354,0,0,0,0,0,0,0,0,0,0,0,0,0,0,0,0,0,0
FFToday,Theo Daniels,QB,CAR,9,3452.142,23.512,8.182,121.488,1.092,1.903,0.345,0,0,0,0,0,0,0,0,0,0,0,0,0,0,0,0,0,0
NumberFire,Theo Daniels,QB,CAR,9,3476.915,25.751,8.673,119.119,1.176,2.085,0.353,0,0,0,0,0,0,0,0,0,0,0,0,0,0,0,0,0,0
NFL,Theo Daniels,QB,CAR,9,3153.983,22.199,8.917,116.347,1.131,1.744,0.351,0,0,0,0,0,0,0,0,0,0,0,0,0,0,0,0,0,0
CBS,Braelon Brooks,QB,CHI,10,3050.106,24.915,7.539,442.559,4.293,1.577,0.292,0,0,0,0,0,0,0,0,0,0,0,0,0,0,0,0,0,0
ESPN,Braelon Brooks,QB,CHI,10,3419.251,21.18,7.445,415.602,5.175,1.486,0.335,0,0,0,0,0,0,0,0,0,0,0,0,0,0,0,0,0,0
FantasyPros,Braelon Brooks,QB,CHI,10,2973.006,26.947,7.805,399.427,4.911,1.779,0.372,0,0,0,0,0,0,0,0,0,0,0,0,0,0,0,0,0,0
FFToday,Braelon Brooks,QB,CHI,10,3562.116,26.83,6.953,432.995,4.017,2.233,0.405,0,0,0,0,0,0,0,0,0,0,0,0,0,0,0,0,0,0
NumberFire,Braelon Brooks,QB,CHI,10,3368.341,22.686,7.729,465.428,4.762,1.899,0.386,0,0,0,0,0,0,0,0,0,0,0,0,0,0,0,0,0,0
NFL,Braelon Brooks,QB,CHI,10,2797.637,22.825,8.602,474.801,3.895,1.964,0.352,0,0,0,0,0,0,0,0,0,0,0,0,0,0,0,0,0,0
CBS,Tank Shipley,QB,LV,13,3397.984,22.489,7.468,100.74,1.023,2.363,0.365,0,0,0,0,0,0,0,0,0,0,0,0,0,0,0,0,0,0
ESPN,Tank Shipley,QB,LV,13,2877.959,20.115,7.64,122.429,1.071,1.759,0.327,0,0,0,0,0,0,0,0,0,0,0,0,0,0,0,0,0,0
FantasyPros,Tank Shipley,QB,LV,13,3059.278,19.989,8.737,111.053,1.068,1.847,0.376,0,0,0,0,0,0,0,0,0,0,0,0,0,0,0,0,0,0
FFToday,Tank Shipley,QB,LV,13,3091.352,19.317,7.687,91.738,0.994,1.706,0.298,0,0,0,0,0,0,0,0,0,0,0,0,0,0,0,0,0,0
NumberFire,Tank Shipley,QB,LV,13,3285.913,20.677,8.061,105.034,0.95,1.819,0.364,0,0,0,0,0,0,0,0,0,0,0,0,0,0,0,0,0,0
NFL,Tank Shipley,QB,LV,13,2998.02,25.628,8.856,120.459,0.865,1.912,0.364,0,0,0,0,0,0,0,0,0,0,0,0,0,0,0,0,0,0
CBS,Troy Walker,QB,DEN,14,3148.124,23.165,8.523,102.068,0.979,1.829,0.33,0,0,0,0,0,0,0,0,0,0,0,0,0,0,0,0,0,0
ESPN,Troy Walker,QB,DEN,14,2796.288,20.804,8.323,106.98,0.881,2.003,0.292,0,0,0,0,0,0,0,0,0,0,0,0,0,0,0,0,0,0
FantasyPros,Troy Walker,QB,DEN,14,3048.037,23.424,7.161,106.77,0.913,1.972,0.355,0,0,0,0,0,0,0,0,0,0,0,0,0,0,0,0,0,0
FFToday,Troy Walker,QB,DEN,14,3257.659,21.034,8.13,91.559,0.965,1.95,0.261,0,0,0,0,0,0,0,0,0,0,0,0,0,0,0,0,0,0
NumberFire,Troy Walker,QB,DEN,14,3103.289,23.532,7.551,89.08,1.054,1.608,0.326,0,0,0,0,0,0,0,0,0,0,0,0,0,0,0,0,0,0
NFL,Troy Walker,QB,DEN,14,3220.482,22.412,8.282,107.688,1.021,1.884,0.312,0,0,0,0,0,0,0,0,0,0,0,0,0,0,0,0,0,0
CBS,Devon Penix,QB,MIA,14,2926.153,22.999,7.825,390.197,3.73,2.302,0.339,0,0,0,0,0,0,0,0,0,0,0,0,0,0,0,0,0,0
ESPN,Devon Penix,QB,MIA,14,2879.415,21.709,7.829,429.221,3.353,1.731,0.366,0,0,0,0,0,0,0,0,0,0,0,0,0,0,0,0,0,0
FantasyPros,Devon Penix,QB,MIA,14,3061.34,17.346,6.603,394.85,3.711,1.927,0.316,0,0,0,0,0,0,0,0,0,0,0,0,0,0,0,0,0,0
FFToday,Devon Penix,QB,MIA,14,2901.053,24.731,8.175,399.422,4.16,1.758,0.31,0,0,0,0,0,0,0,0,0,0,0,0,0,0,0,0,0,0
NumberFire,Devon Penix,QB,MIA,14,3078.805,23.764,7.587,451.095,4.229,1.772,0.317,0,0,0,0,0,0,0,0,0,0,0,0,0,0,0,0,0,0
NFL,Devon Penix,QB,MIA,14,3323.324,19.058,7.92,387.376,3.316,1.895,0.307,0,0,0,0,0,0,0,0,0,0,0,0,0,0,0,0,0,0
CBS,Tucker Spears,QB,NYG,8,3018.222,18.814,8.403,116.806,0.872,1.753,0.308,0,0,0,0,0,0,0,0,0,0,0,0,0,0,0,0,0,0
ESPN,Tucker Spears,QB,NYG,8,2918.147,19.917,7.549,114.776,0.778,2.009,0.318,0,0,0,0,0,0,0,0,0,0,0,0,0,0,0,0,0,0
FantasyPros,Tucker Spears,QB,NYG,8,2966.838,20.852,7.767,97.145,1.021,1.806,0.356,0,0,0,0,0,0,0,0,0,0,0,0,0,0,0,0,0,0
FFToday,Tucker Spears,QB,NYG,8,3068.279,18.783,7.196,99.028,0.931,1.761,0.317,0,0,0,0,0,0,0,0,0,0,0,0,0,0,0,0,0,0
NumberFire,Tucker Spears,QB,NYG,8,2639.682,25.554,6.596,98.513,0.922,1.797,0.273,0,0,0,0,0,0,0,0,0,0,0,0,0,0,0,0,0,0
NFL,Tucker Spears,QB,NYG,8,3128.769,22.968,6.474,94.426,0.993,1.883,0.313,0,0,0,0,0,0,0,0,0,0,0,0,0,0,0,0,0,0
CBS,Deven Gibbs,QB,CHI,10,3148.442,20.326,7.786,92.732,0.866,2.079,0.305,0,0,0,0,0,0,0,0,0,0,0,0,0,0,0,0,0,0
ESPN,Deven Gibbs,QB,CHI,10,2839.683,20.544,7.976,90.177,0.919,1.781,0.307,0,0,0,0,0,0,0,0,0,0,0,0,0,0,0,0,0,0
FantasyPros,Deven Gibbs,QB,CHI,10,2977.043,19.304,6.272,83.185,1.167,2.152,0.295,0,0,0,0,0,0,0,0,0,0,0,0,0,0,0,0,0,0
FFToday,Deven Gibbs,QB,CHI,10,2876.745,19.024,6.401,96.442,0.741,1.819,0.304,0,0,0,0,0,0,0,0,0,0,0,0,0,0,0,0,0,0
NumberFire,Deven Gibbs,QB,CHI,10,2674.939,21.769,7.413,82.322,0.865,1.773,0.308,0,0,0,0,0,0,0,0,0,0,0,0,0,0,0,0,0,0
NFL,Deven Gibbs,QB,CHI,10,2758.909,20.793,7.257,77.079,0.915,2.111,0.299,0,0,0,0,0,0,0,0,0,0,0,0,0,0,0,0,0,0
CBS,Bijan Spears,QB,WAS,6,2970.703,20.447,6.527,414.742,3.803,2.009,0.32,0,0,0,0,0,0,0,0,0,0,0,0,0,0,0,0,0,0
ESPN,Bijan Spears,QB,WAS,6,2504.203,23.897,6.454,408.344,3.288,1.679,0.297,0,0,0,0,0,0,0,0,0,0,0,0,0,0,0,0,0,0
FantasyPros,Bijan Spears,QB,WAS,6,2716.189,23.281,8.178,374.917,4.112,1.769,0.32,0,0,0,0,0,0,0,0,0,0,0,0,0,0,0,0,0,0
FFToday,Bijan Spears,QB,WAS,6,2925.722,19.817,6.668,425.879,3.464,1.735,0.284,0,0,0,0,0,0,0,0,0,0,0,0,0,0,0,0,0,0
NumberFire,Bijan Spears,QB,WAS,6,2642.061,19.073,7.427,400.69,4.016,1.81,0.286,0,0,0,0,0,0,0,0,0,0,0,0,0,0,0,0,0,0
NFL,Bijan Spears,QB,WAS,6,2610.27,18.986,8.81,362.746,3.171,1.91,0.261,0,0,0,0,0,0,0,0,0,0,0,0,0,0,0,0,0,0
CBS,Deven Irving,QB,WAS,6,2693.743,19.075,6.903,77.987,0.865,1.815,0.278,0,0,0,0,0,0,0,0,0,0,0,0,0,0,0,0,0,0
ESPN,Deven Irving,QB,WAS,6,2256.82,20.656,8.307,90.72,0.89,1.817,0.269,0,0,0,0,0,0,0,0,0,0,0,0,0,0,0,0,0,0
FantasyPros,Deven Irving,QB,WAS,6,2761.634,19.826,5.48,92.774,0.878,1.557,0.248,0,0,0,0,0,0,0,0,0,0,0,0,0,0,0,0,0,0
FFToday,Deven Irving,QB,WAS,6,2441.466,19.335,7.512,92.245,0.85,2.054,0.28,0,0,0,0,0,0,0,0,0,0,0,0,0,0,0,0,0,0
NumberFire,Deven Irving,QB,WAS,6,2629.278,18.625,7.706,90.925,0.874,1.787,0.299,0,0,0,0,0,0,0,0,0,0,0,0,0,0,0,0,0,0
NFL,Deven Irving,QB,WAS,6,2781.329,17.535,6.971,92.921,0.951,1.965,0.264,0,0,0,0,0,0,0,0,0,0,0,0,0,0,0,0,0,0
CBS,Roman Walker,QB,LAC,11,3302.52,16.344,5.653,88.904,0.885,1.426,0.269,0,0,0,0,0,0,0,0,0,0,0,0,0,0,0,0,0,0
ESPN,Roman Walker,QB,LAC,11,2623.57,17.325,7.355,90.502,0.758,1.866,0.283,0,0,0,0,0,0,0,0,0,0,0,0,0,0,0,0,0,0
FantasyPros,Roman Walker,QB,LAC,11,2348.979,17.837,7.579,86.112,0.853,1.912,0.236,0,0,0,0,0,0,0,0,0,0,0,0,0,0,0,0,0,0
FFToday,Roman Walker,QB,LAC,11,2829.829,15.98,6.896,81.838,0.88,1.909,0.291,0,0,0,0,0,0,0,0,0,0,0,0,0,0,0,0,0,0
NumberFire,Roman Walker,QB,LAC,11,2403.849,19.106,7.262,88.02,0.917,1.585,0.307,0,0,0,0,0,0,0,0,0,0,0,0,0,0,0,0,0,0
NFL,Roman Walker,QB,LAC,11,2867.728,18.729,7.349,91.277,0.984,1.735,0.276,0,0,0,0,0,0,0,0,0,0,0,0,0,0,0,0,0,0
CBS,Keon Irving,QB,TEN,5,2224.433,12.963,5.342,319.04,3.332,1.969,0.259,0,0,0,0,0,0,0,0,0,0,0,0,0,0,0,0,0,0
ESPN,Keon Irving,QB,TEN,5,2190.759,15.863,6.971,290.488,3.212,1.565,0.229,0,0,0,0,0,0,0,0,0,0,0,0,0,0,0,0,0,0
FantasyPros,Keon Irving,QB,TEN,5,2073.914,17.472,7.27,278.829,3.026,1.929,0.302,0,0,0,0,0,0,0,0,0,0,0,0,0,0,0,0,0,0
FFToday,Keon Irving,QB,TEN,5,2460.903,17.161,7.011,295.544,3.108,1.69,0.259,0,0,0,0,0,0,0,0,0,0,0,0,0,0,0,0,0,0
NumberFire,Keon Irving,QB,TEN,5,2067.037,18.271,7.962,325.903,3.252,1.953,0.267,0,0,0,0,0,0,0,0,0,0,0,0,0,0,0,0,0,0
NFL,Keon Irving,QB,TEN,5,1932.762,17.683,7.125,249.512,2.717,1.838,0.26,0,0,0,0,0,0,0,0,0,0,0,0,0,0,0,0,0,0
CBS,Jonathon Coleman,QB,ATL,6,1730.51,14.52,7.483,70.963,0.701,1.433,0.232,0,0,0,0,0,0,0,0,0,0,0,0,0,0,0,0,0,0
ESPN,Jonathon Coleman,QB,ATL,6,2022.92,15.152,7.457,72.107,0.587,1.622,0.203,0,0,0,0,0,0,0,0,0,0,0,0,0,0,0,0,0,0
FantasyPros,Jonathon Coleman,QB,ATL,6,1619.56,14.894,7.203,61.052,0.621,1.802,0.242,0,0,0,0,0,0,0,0,0,0,0,0,0,0,0,0,0,0
FFToday,Jonathon Coleman,QB,ATL,6,2102.546,16.069,8.245,62.513,0.659,1.652,0.206,0,0,0,0,0,0,0,0,0,0,0,0,0,0,0,0,0,0
NumberFire,Jonathon Coleman,QB,ATL,6,2097.765,13.032,7.142,66.494,0.64,1.473,0.248,0,0,0,0,0,0,0,0,0,0,0,0,0,0,0,0,0,0
NFL,Jonathon Coleman,QB,ATL,6,1904.164,13.485,7.034,63.932,0.614,2.039,0.233,0,0,0,0,0,0,0,0,0,0,0,0,0,0,0,0,0,0
CBS,Jalen Irving,QB,DAL,13,2076.872,12.425,6.925,66.656,0.584,1.41,0.19,0,0,0,0,0,0,0,0,0,0,0,0,0,0,0,0,0,0
ESPN,Jalen Irving,QB,DAL,13,2017.262,10.47,7.944,68.793,0.604,1.598,0.214,0,0,0,0,0,0,0,0,0,0,0,0,0,0,0,0,0,0
FantasyPros,Jalen Irving,QB,DAL,13,1903.513,14.125,5.574,64.449,0.581,1.576,0.176,0,0,0,0,0,0,0,0,0,0,0,0,0,0,0,0,0,0
FFToday,Jalen Irving,QB,DAL,13,1814.931,14.719,7.49,67.887,0.569,1.666,0.221,0,0,0,0,0,0,0,0,0,0,0,0,0,0,0,0,0,0
NumberFire,Jalen Irving,QB,DAL,13,1579.051,11.704,7.367,63.32,0.624,1.812,0.161,0,0,0,0,0,0,0,0,0,0,0,0,0,0,0,0,0,0
NFL,Jalen Irving,QB,DAL,13,1786.519,15.496,6.162,54.254,0.662,1.835,0.2,0,0,0,0,0,0,0,0,0,0,0,0,0,0,0,0,0,0
CBS,Grant Pollard,QB,CIN,11,1243.736,11.782,6.235,242.735,2.129,1.695,0.168,0,0,0,0,0,0,0,0,0,0,0,0,0,0,0,0,0,0
ESPN,Grant Pollard,QB,CIN,11,1644.842,10.41,5.381,209.304,2.092,1.736,0.203,0,0,0,0,0,0,0,0,0,0,0,0,0,0,0,0,0,0
FantasyPros,Grant Pollard,QB,CIN,11,1492.47,11.57,6.196,214.507,2.477,1.486,0.17,0,0,0,0,0,0,0,0,0,0,0,0,0,0,0,0,0,0
FFToday,Grant Pollard,QB,CIN,11,1690.012,13.526,6.849,199.28,1.994,1.615,0.175,0,0,0,0,0,0,0,0,0,0,0,0,0,0,0,0,0,0
NumberFire,Grant Pollard,QB,CIN,11,1703.934,9.474,6.752,226.138,1.59,1.654,0.155,0,0,0,0,0,0,0,0,0,0,0,0,0,0,0,0,0,0
NFL,Grant Pollard,QB,CIN,11,1446.767,12.563,6.589,208.692,2.031,1.719,0.201,0,0,0,0,0,0,0,0,0,0,0,0,0,0,0,0,0,0
CBS,Emeka Harrison,QB,SEA,12,1683.527,12.126,6.43,39.845,0.478,1.744,0.18,0,0,0,0,0,0,0,0,0,0,0,0,0,0,0,0,0,0
ESPN,Emeka Harrison,QB,SEA,12,1592.108,9.492,6.853,51.557,0.444,1.667,0.172,0,0,0,0,0,0,0,0,0,0,0,0,0,0,0,0,0,0
FantasyPros,Emeka Harrison,QB,SEA,12,1342.22,11.227,5.64,52.897,0.505,1.644,0.13,0,0,0,0,0,0,0,0,0,0,0,0,0,0,0,0,0,0
FFToday,Emeka Harrison,QB,SEA,12,1823.94,11.942,5.597,48.57,0.542,1.728,0.113,0,0,0,0,0,0,0,0,0,0,0,0,0,0,0,0,0,0
NumberFire,Emeka Harrison,QB,SEA,12,1446.653,11.058,6.294,52.871,0.413,1.556,0.174,0,0,0,0,0,0,0,0,0,0,0,0,0,0,0,0,0,0
NFL,Emeka Harrison,QB,SEA,12,1544.415,10.969,6.899,44.928,0.507,1.396,0.174,0,0,0,0,0,0,0,0,0,0,0,0,0,0,0,0,0,0
CBS,Kyren Nabers,QB,TEN,5,1459.255,9.492,6.713,41.893,0.468,1.863,0.155,0,0,0,0,0,0,0,0,0,0,0,0,0,0,0,0,0,0
ESPN,Kyren Nabers,QB,TEN,5,1544.291,9.535,5.588,44.187,0.444,1.667,0.143,0,0,0,0,0,0,0,0,0,0,0,0,0,0,0,0,0,0
FantasyPros,Kyren Nabers,QB,TEN,5,1364.362,8.054,6.723,47.673,0.405,1.582,0.134,0,0,0,0,0,0,0,0,0,0,0,0,0,0,0,0,0,0
FFToday,Kyren Nabers,QB,TEN,5,1456.723,8.939,6.244,51.583,0.48,1.609,0.16,0,0,0,0,0,0,0,0,0,0,0,0,0,0,0,0,0,0
NumberFire,Kyren Nabers,QB,TEN,5,1111.935,10.427,6.035,34.437,0.436,1.592,0.149,0,0,0,0,0,0,0,0,0,0,0,0,0,0,0,0,0,0
NFL,Kyren Nabers,QB,TEN,5,1316.33,7.677,7.733,44.725,0.448,1.734,0.135,0,0,0,0,0,0,0,0,0,0,0,0,0,0,0,0,0,0
CBS,Ainias Benson,QB,TB,14,1096.689,9.723,6.079,192.461,1.606,1.528,0.114,0,0,0,0,0,0,0,0,0,0,0,0,0,0,0,0,0,0
ESPN,Ainias Benson,QB,TB,14,1060.44,7.642,7.788,112.977,1.435,1.801,0.148,0,0,0,0,0,0,0,0,0,0,0,0,0,0,0,0,0,0
FantasyPros,Ainias Benson,QB,TB,14,1459.618,9.313,5.822,168.36,1.471,1.339,0.147,0,0,0,0,0,0,0,0,0,0,0,0,0,0,0,0,0,0
FFToday,Ainias Benson,QB,TB,14,961.665,6.436,6.224,134.294,1.348,1.624,0.096,0,0,0,0,0,0,0,0,0,0,0,0,0,0,0,0,0,0
NumberFire,Ainias Benson,QB,TB,14,943.478,9.704,6.606,162.634,1.153,1.339,0.143,0,0,0,0,0,0,0,0,0,0,0,0,0,0,0,0,0,0
NFL,Ainias Benson,QB,TB,14,1029.528,10.877,5.749,159.471,1.63,1.687,0.139,0,0,0,0,0,0,0,0,0,0,0,0,0,0,0,0,0,0
CBS,Braelon Rice,QB,LAC,11,886.508,7.867,6.263,42.591,0.363,1.578,0.111,0,0,0,0,0,0,0,0,0,0,0,0,0,0,0,0,0,0
ESPN,Braelon Rice,QB,LAC,11,996.672,6.365,5.707,40.048,0.306,1.758,0.088,0,0,0,0,0,0,0,0,0,0,0,0,0,0,0,0,0,0
FantasyPros,Braelon Rice,QB,LAC,11,1195.466,6.767,4.846,36.205,0.35,1.378,0.109,0,0,0,0,0,0,0,0,0,0,0,0,0,0,0,0,0,0
FFToday,Braelon Rice,QB,LAC,11,1043.192,8.449,6.535,37.521,0.411,1.565,0.131,0,0,0,0,0,0,0,0,0,0,0,0,0,0,0,0,0,0
NumberFire,Braelon Rice,QB,LAC,11,972.689,7.344,5.232,49.207,0.32,1.607,0.125,0,0,0,0,0,0,0,0,0,0,0,0,0,0,0,0,0,0
NFL,Braelon Rice,QB,LAC,11,1079.795,7.043,6.387,36.282,0.346,1.067,0.097,0,0,0,0,0,0,0,0,0,0,0,0,0,0,0,0,0,0
CBS,Braelon Dowdle,QB,MIA,14,795.277,6.958,5.536,36.309,0.292,1.663,0.108,0,0,0,0,0,0,0,0,0,0,0,0,0,0,0,0,0,0
ESPN,Braelon Dowdle,QB,MIA,14,930.943,6.475,6.982,29.681,0.377,1.705,0.113,0,0,0,0,0,0,0,0,0,0,0,0,0,0,0,0,0,0
FantasyPros,Braelon Dowdle,QB,MIA,14,1180.658,6.766,6.081,38.499,0.295,1.582,0.093,0,0,0,0,0,0,0,0,0,0,0,0,0,0,0,0,0,0
FFToday,Braelon Dowdle,QB,MIA,14,996.585,5.85,6.787,35.922,0.364,1.365,0.093,0,0,0,0,0,0,0,0,0,0,0,0,0,0,0,0,0,0
NumberFire,Braelon Dowdle,QB,MIA,14,1068.492,7.474,6.236,34.269,0.252,1.243,0.114,0,0,0,0,0,0,0,0,0,0,0,0,0,0,0,0,0,0
NFL,Braelon Dowdle,QB,MIA,14,952.669,7.643,6.267,28.967,0.328,1.357,0.086,0,0,0,0,0,0,0,0,0,0,0,0,0,0,0,0,0,0
CBS,Deven Spears,QB,TEN,5,780.028,6.172,5.222,110.296,1.049,1.796,0.093,0,0,0,0,0,0,0,0,0,0,0,0,0,0,0,0,0,0
ESPN,Deven Spears,QB,TEN,5,851.189,6.002,6.203,127.732,0.957,1.454,0.092,0,0,0,0,0,0,0,0,0,0,0,0,0,0,0,0,0,0
FantasyPros,Deven Spears,QB,TEN,5,992.91,5.836,5.555,106.211,1.194,1.987,0.101,0,0,0,0,0,0,0,0,0,0,0,0,0,0,0,0,0,0
FFToday,Deven Spears,QB,TEN,5,1029.523,6.725,5.517,115.352,1.283,1.501,0.081,0,0,0,0,0,0,0,0,0,0,0,0,0,0,0,0,0,0
NumberFire,Deven Spears,QB,TEN,5,860.043,4.499,5.604,130.566,1.266,1.629,0.104,0,0,0,0,0,0,0,0,0,0,0,0,0,0,0,0,0,0
NFL,Deven Spears,QB,TEN,5,871.049,5.768,6.497,121.739,1.21,1.92,0.092,0,0,0,0,0,0,0,0,0,0,0,0,0,0,0,0,0,0
CBS,Tank Thomas,QB,HOU,7,879.48,6.891,5.631,25.95,0.317,1.436,0.092,0,0,0,0,0,0,0,0,0,0,0,0,0,0,0,0,0,0
ESPN,Tank Thomas,QB,HOU,7,811.076,4.96,6.811,26.981,0.197,1.407,0.087,0,0,0,0,0,0,0,0,0,0,0,0,0,0,0,0,0,0
FantasyPros,Tank Thomas,QB,HOU,7,679.782,5.711,5.429,26.578,0.182,1.253,0.086,0,0,0,0,0,0,0,0,0,0,0,0,0,0,0,0,0,0
FFToday,Tank Thomas,QB,HOU,7,751.572,4.891,5.482,29.004,0.239,1.278,0.086,0,0,0,0,0,0,0,0,0,0,0,0,0,0,0,0,0,0
NumberFire,Tank Thomas,QB,HOU,7,901.278,5.687,6.636,25.86,0.185,1.395,0.083,0,0,0,0,0,0,0,0,0,0,0,0,0,0,0,0,0,0
NFL,Tank Thomas,QB,HOU,7,653.167,5.149,4.936,25.404,0.224,1.69,0.09,0,0,0,0,0,0,0,0,0,0,0,0,0,0,0,0,0,0
CBS,Trey Harrison,QB,ARI,5,636.563,5.091,7.434,26.577,0.229,1.616,0.073,0,0,0,0,0,0,0,0,0,0,0,0,0,0,0,0,0,0
ESPN,Trey Harrison,QB,ARI,5,717.773,4.304,6.228,26.681,0.218,1.393,0.095,0,0,0,0,0,0,0,0,0,0,0,0,0,0,0,0,0,0
FantasyPros,Trey Harrison,QB,ARI,5,745.112,5.263,6.359,24.783,0.237,1.503,0.078,0,0,0,0,0,0,0,0,0,0,0,0,0,0,0,0,0,0
FFToday,Trey Harrison,QB,ARI,5,618.863,5.864,6.139,20.25,0.236,0.821,0.075,0,0,0,0,0,0,0,0,0,0,0,0,0,0,0,0,0,0
NumberFire,Trey Harrison,QB,ARI,5,680.176,5.544,5.626,24.014,0.285,1.744,0.061,0,0,0,0,0,0,0,0,0,0,0,0,0,0,0,0,0,0
NFL,Trey Harrison,QB,ARI,5,853.116,5.459,6.913,23.066,0.12,1.53,0.087,0,0,0,0,0,0,0,0,0,0,0,0,0,0,0,0,0,0
CBS,Xzavier Guerendo,QB,TB,14,816.427,4.21,5.643,104.658,0.916,1.427,0.067,0,0,0,0,0,0,0,0,0,0,0,0,0,0,0,0,0,0
ESPN,Xzavier Guerendo,QB,TB,14,688.415,4.372,6.374,77.379,0.738,1.261,0.075,0,0,0,0,0,0,0,0,0,0,0,0,0,0,0,0,0,0
FantasyPros,Xzavier Guerendo,QB,TB,14,691.349,3.673,5.79,89.852,0.9,1.42,0.07,0,0,0,0,0,0,0,0,0,0,0,0,0,0,0,0,0,0
FFToday,Xzavier Guerendo,QB,TB,14,700.138,4.579,5.146,112.559,0.805,1.761,0.057,0,0,0,0,0,0,0,0,0,0,0,0,0,0,0,0,0,0
NumberFire,Xzavier Guerendo,QB,TB,14,606.739,4.58,6.29,96.594,0.826,1.823,0.076,0,0,0,0,0,0,0,0,0,0,0,0,0,0,0,0,0,0
NFL,Xzavier Guerendo,QB,TB,14,654.353,5.575,6.232,83.158,0.96,1.281,0.089,0,0,0,0,0,0,0,0,0,0,0,0,0,0,0,0,0,0
CBS,Xavier McConkey,QB,NYG,8,653.077,3.178,7.277,17.931,0.197,1.668,0.069,0,0,0,0,0,0,0,0,0,0,0,0,0,0,0,0,0,0
ESPN,Xavier McConkey,QB,NYG,8,519.593,4.202,4.084,20.98,0.199,1.3,0.057,0,0,0,0,0,0,0,0,0,0,0,0,0,0,0,0,0,0
FantasyPros,Xavier McConkey,QB,NYG,8,425.965,4.277,6.105,18.694,0.198,0.978,0.058,0,0,0,0,0,0,0,0,0,0,0,0,0,0,0,0,0,0
FFToday,Xavier McConkey,QB,NYG,8,616.054,3.971,5.595,21.867,0.215,1.635,0.074,0,0,0,0,0,0,0,0,0,0,0,0,0,0,0,0,0,0
NumberFire,Xavier McConkey,QB,NYG,8,555.508,3.338,4.535,22.581,0.22,1.566,0.065,0,0,0,0,0,0,0,0,0,0,0,0,0,0,0,0,0,0
NFL,Xavier McConkey,QB,NYG,8,462.69,4.61,7.396,12.299,0.12,1.254,0.06,0,0,0,0,0,0,0,0,0,0,0,0,0,0,0,0,0,0
CBS,Tucker Estime,QB,WAS,6,614.906,3.391,6.642,18.29,0.236,1.711,0.05,0,0,0,0,0,0,0,0,0,0,0,0,0,0,0,0,0,0
ESPN,Tucker Estime,QB,WAS,6,593.768,3.759,5.065,15.102,0.156,1.38,0.059,0,0,0,0,0,0,0,0,0,0,0,0,0,0,0,0,0,0
FantasyPros,Tucker Estime,QB,WAS,6,560.69,3.134,7.9,19.387,0.15,1.264,0.053,0,0,0,0,0,0,0,0,0,0,0,0,0,0,0,0,0,0
FFToday,Tucker Estime,QB,WAS,6,590.668,4.566,4.293,15.891,0.172,1.601,0.069,0,0,0,0,0,0,0,0,0,0,0,0,0,0,0,0,0,0
NumberFire,Tucker Estime,QB,WAS,6,437.914,3.602,6.026,22.84,0.179,1.591,0.05,0,0,0,0,0,0,0,0,0,0,0,0,0,0,0,0,0,0
NFL,Tucker Estime,QB,WAS,6,607.835,4.346,6.023,18.139,0.182,1.462,0.051,0,0,0,0,0,0,0,0,0,0,0,0,0,0,0,0,0,0
CBS,Caleb Hall,QB,WAS,6,488.027,2.906,6.235,49.374,0.691,1.412,0.053,0,0,0,0,0,0,0,0,0,0,0,0,0,0,0,0,0,0
ESPN,Caleb Hall,QB,WAS,6,453.48,3.478,5.041,63.072,0.678,1.273,0.048,0,0,0,0,0,0,0,0,0,0,0,0,0,0,0,0,0,0
FantasyPros,Caleb Hall,QB,WAS,6,465.401,3.857,5.494,69.816,0.456,1.157,0.043,0,0,0,0,0,0,0,0,0,0,0,0,0,0,0,0,0,0
FFToday,Caleb Hall,QB,WAS,6,612.293,3.258,5.005,52.842,0.499,1.57,0.043,0,0,0,0,0,0,0,0,0,0,0,0,0,0,0,0,0,0
NumberFire,Caleb Hall,QB,WAS,6,549.639,3.122,4.437,65.559,0.632,1.597,0.043,0,0,0,0,0,0,0,0,0,0,0,0,0,0,0,0,0,0
NFL,Caleb Hall,QB,WAS,6,397.231,3.249,5.804,62.452,0.683,1.539,0.045,0,0,0,0,0,0,0,0,0,0,0,0,0,0,0,0,0,0
CBS,Tank Allen,QB,BAL,7,494.926,3.002,5.745,13.344,0.134,1.302,0.041,0,0,0,0,0,0,0,0,0,0,0,0,0,0,0,0,0,0
ESPN,Tank Allen,QB,BAL,7,345.015,3.122,7.054,12.921,0.119,1.489,0.049,0,0,0,0,0,0,0,0,0,0,0,0,0,0,0,0,0,0
FantasyPros,Tank Allen,QB,BAL,7,462.742,2.255,5.368,10.541,0.106,1.451,0.035,0,0,0,0,0,0,0,0,0,0,0,0,0,0,0,0,0,0
FFToday,Tank Allen,QB,BAL,7,452.107,2.883,5.76,14.621,0.136,1.313,0.048,0,0,0,0,0,0,0,0,0,0,0,0,0,0,0,0,0,0
NumberFire,Tank Allen,QB,BAL,7,392.944,3.026,5.627,15.587,0.144,1.54,0.046,0,0,0,0,0,0,0,0,0,0,0,0,0,0,0,0,0,0
NFL,Tank Allen,QB,BAL,7,509.34,3.03,5.09,15.203,0.146,1.317,0.038,0,0,0,0,0,0,0,0,0,0,0,0,0,0,0,0,0,0
CBS,Tyreek Tracy,QB,TB,14,344.83,2.854,5.479,11.584,0.13,1.363,0.035,0,0,0,0,0,0,0,0,0,0,0,0,0,0,0,0,0,0
ESPN,Tyreek Tracy,QB,TB,14,487.477,2.235,6.415,10.608,0.124,1.472,0.032,0,0,0,0,0,0,0,0,0,0,0,0,0,0,0,0,0,0
FantasyPros,Tyreek Tracy,QB,TB,14,429.187,1.759,6.744,12.895,0.128,1.348,0.049,0,0,0,0,0,0,0,0,0,0,0,0,0,0,0,0,0,0
FFToday,Tyreek Tracy,QB,TB,14,345.611,2.186,5.427,13.025,0.133,1.54,0.047,0,0,0,0,0,0,0,0,0,0,0,0,0,0,0,0,0,0
NumberFire,Tyreek Tracy,QB,TB,14,512.452,2.85,4.584,12.963,0.123,1.476,0.04,0,0,0,0,0,0,0,0,0,0,0,0,0,0,0,0,0,0
NFL,Tyreek Tracy,QB,TB,14,392.764,3.063,5.601,14.383,0.138,1.786,0.03,0,0,0,0,0,0,0,0,0,0,0,0,0,0,0,0,0,0
CBS,Bo Worthy,QB,LAC,11,329.758,2.674,4.792,47.577,0.362,1.367,0.029,0,0,0,0,0,0,0,0,0,0,0,0,0,0,0,0,0,0
ESPN,Bo Worthy,QB,LAC,11,341.156,2.763,5.23,38.458,0.458,1.796,0.041,0,0,0,0,0,0,0,0,0,0,0,0,0,0,0,0,0,0
FantasyPros,Bo Worthy,QB,LAC,11,367.505,2.253,5.152,54.884,0.35,1.54,0.042,0,0,0,0,0,0,0,0,0,0,0,0,0,0,0,0,0,0
FFToday,Bo Worthy,QB,LAC,11,357.699,1.611,5.078,39.696,0.53,1.352,0.041,0,0,0,0,0,0,0,0,0,0,0,0,0,0,0,0,0,0
NumberFire,Bo Worthy,QB,LAC,11,331.62,2.805,6.114,54.004,0.332,1.473,0.037,0,0,0,0,0,0,0,0,0,0,0,0,0,0,0,0,0,0
NFL,Bo Worthy,QB,LAC,11,290.217,2.146,4.553,51.632,0.591,1.415,0.032,0,0,0,0,0,0,0,0,0,0,0,0,0,0,0,0,0,0
CBS,Theo Benson,QB,SEA,12,396.581,2.585,6.366,11.422,0.103,1.252,0.03,0,0,0,0,0,0,0,0,0,0,0,0,0,0,0,0,0,0
ESPN,Theo Benson,QB,SEA,12,312.934,2.432,5.872,8.535,0.071,1.341,0.035,0,0,0,0,0,0,0,0,0,0,0,0,0,0,0,0,0,0
FantasyPros,Theo Benson,QB,SEA,12,313.037,2.315,5.154,8.659,0.076,1.444,0.031,0,0,0,0,0,0,0,0,0,0,0,0,0,0,0,0,0,0
FFToday,Theo Benson,QB,SEA,12,377.902,1.669,3.531,9.786,0.094,1.419,0.041,0,0,0,0,0,0,0,0,0,0,0,0,0,0,0,0,0,0
NumberFire,Theo Benson,QB,SEA,12,259.299,2.635,7.192,7.731,0.093,1.194,0.027,0,0,0,0,0,0,0,0,0,0,0,0,0,0,0,0,0,0
NFL,Theo Benson,QB,SEA,12,254.633,2.043,4.958,7.806,0.108,1.526,0.037,0,0,0,0,0,0,0,0,0,0,0,0,0,0,0,0,0,0
CBS,Troy Thomas,RB,CAR,9,0,0,0,1515.274,11.349,1.465,0,54.554,455.365,2.456,0,0,0,0,0,0,0,0,0,0,0,0,0,0,0
ESPN,Troy Thomas,RB,CAR,9,0,0,0,1387.59,11.716,1.47,0,52.77,453.722,2.157,0,0,0,0,0,0,0,0,0,0,0,0,0,0,0
FantasyPros,Troy Thomas,RB,CAR,9,0,0,0,1328.904,10.856,1.372,0,49.129,452.934,2.404,0,0,0,0,0,0,0,0,0,0,0,0,0,0,0
FFToday,Troy Thomas,RB,CAR,9,0,0,0,1337.191,11.74,1.566,0,54.653,445.812,2.348,0,0,0,0,0,0,0,0,0,0,0,0,0,0,0
NumberFire,Troy Thomas,RB,CAR,9,0,0,0,1279.632,10.473,1.421,0,54.351,381.088,2.21,0,0,0,0,0,0,0,0,0,0,0,0,0,0,0
NFL,Troy Thomas,RB,CAR,9,0,0,0,1419.003,10.676,1.452,0,47.664,399.995,2.478,0,0,0,0,0,0,0,0,0,0,0,0,0,0,0
CBS,Quentin Carter,RB,WAS,6,0,0,0,1286.273,10.468,1.306,0,49.764,422.911,2.319,0,0,0,0,0,0,0,0,0,0,0,0,0,0,0
ESPN,Quentin Carter,RB,WAS,6,0,0,0,1387.74,9.435,1.483,0,54.692,419.525,2.417,0,0,0,0,0,0,0,0,0,0,0,0,0,0,0
FantasyPros,Quentin Carter,RB,WAS,6,0,0,0,1158.881,9.682,1.279,0,52.083,408.127,2.081,0,0,0,0,0,0,0,0,0,0,0,0,0,0,0
FFToday,Quentin Carter,RB,WAS,6,0,0,0,1434.931,10.453,1.398,0,47.79,465.978,2.264,0,0,0,0,0,0,0,0,0,0,0,0,0,0,0
NumberFire,Quentin Carter,RB,WAS,6,0,0,0,1220.818,10.838,1.395,0,52.931,401.141,2.22,0,0,0,0,0,0,0,0,0,0,0,0,0,0,0
NFL,Quentin Carter,RB,WAS,6,0,0,0,1366.048,11.033,1.342,0,52.756,419.12,2.036,0,0,0,0,0,0,0,0,0,0,0,0,0,0,0
CBS,Roman Harrison,RB,HOU,7,0,0,0,1368.43,9.911,1.395,0,47.186,368.681,2.508,0,0,0,0,0,0,0,0,0,0,0,0,0,0,0
ESPN,Roman Harrison,RB,HOU,7,0,0,0,1161.883,9.649,1.458,0,46.404,365.906,1.949,0,0,0,0,0,0,0,0,0,0,0,0,0,0,0
FantasyPros,Roman Harrison,RB,HOU,7,0,0,0,1284.86,10.518,1.397,0,49.188,420.877,2.304,0,0,0,0,0,0,0,0,0,0,0,0,0,0,0
FFToday,Roman Harrison,RB,HOU,7,0,0,0,1190.185,9.584,1.463,0,51.1,371.027,2.14,0,0,0,0,0,0,0,0,0,0,0,0,0,0,0
NumberFire,Roman Harrison,RB,HOU,7,0,0,0,1115.06,9.593,1.182,0,43.35,383.439,2.295,0,0,0,0,0,0,0,0,0,0,0,0,0,0,0
NFL,Roman Harrison,RB,HOU,7,0,0,0,1233.184,10.597,1.357,0,52.902,442.038,2.185,0,0,0,0,0,0,0,0,0,0,0,0,0,0,0
CBS,Marcus Wilson,RB,SF,13,0,0,0,1183.201,10.08,1.276,0,42.835,421.842,1.99,0,0,0,0,0,0,0,0,0,0,0,0,0,0,0
ESPN,Marcus Wilson,RB,SF,13,0,0,0,1230.735,9.763,1.364,0,45.973,387.029,1.897,0,0,0,0,0,0,0,0,0,0,0,0,0,0,0
FantasyPros,Marcus Wilson,RB,SF,13,0,0,0,1111.563,10.066,1.434,0,41.762,354.3,1.89,0,0,0,0,0,0,0,0,0,0,0,0,0,0,0
FFToday,Marcus Wilson,RB,SF,13,0,0,0,1275.381,10.195,1.283,0,44.09,383.178,2.191,0,0,0,0,0,0,0,0,0,0,0,0,0,0,0
NumberFire,Marcus Wilson,RB,SF,13,0,0,0,1225.077,9.936,1.326,0,44.864,390.525,1.97,0,0,0,0,0,0,0,0,0,0,0,0,0,0,0
NFL,Marcus Wilson,RB,SF,13,0,0,0,1190.933,9.803,1.22,0,50.962,389.995,1.926,0,0,0,0,0,0,0,0,0,0,0,0,0,0,0
CBS,Bo Gibbs,RB,ARI,5,0,0,0,1249.374,9.142,1.382,0,46.049,351.275,1.963,0,0,0,0,0,0,0,0,0,0,0,0,0,0,0
ESPN,Bo Gibbs,RB,ARI,5,0,0,0,1116.633,9.208,1.348,0,46.624,373.572,2.347,0,0,0,0,0,0,0,0,0,0,0,0,0,0,0
FantasyPros,Bo Gibbs,RB,ARI,5,0,0,0,1200.433,9.841,1.334,0,43.57,353.753,1.948,0,0,0,0,0,0,0,0,0,0,0,0,0,0,0
FFToday,Bo Gibbs,RB,ARI,5,0,0,0,1265.454,8.737,1.428,0,42.306,361.635,2.037,0,0,0,0,0,0,0,0,0,0,0,0,0,0,0
NumberFire,Bo Gibbs,RB,ARI,5,0,0,0,1207.503,10.176,1.176,0,40.63,356.105,1.884,0,0,0,0,0,0,0,0,0,0,0,0,0,0,0
NFL,Bo Gibbs,RB,ARI,5,0,0,0,1189.725,9.353,1.277,0,45.006,348.175,2.062,0,0,0,0,0,0,0,0,0,0,0,0,0,0,0
CBS,Kimani Franklin,RB,CHI,10,0,0,0,1154.404,9.341,1.225,0,41.503,384.329,1.989,0,0,0,0,0,0,0,0,0,0,0,0,0,0,0
ESPN,Kimani Franklin,RB,CHI,10,0,0,0,975.547,9.533,1.308,0,43.038,348.215,1.975,0,0,0,0,0,0,0,0,0,0,0,0,0,0,0
FantasyPros,Kimani Franklin,RB,CHI,10,0,0,0,1010.863,8.224,1.273,0,39.732,362.159,1.943,0,0,0,0,0,0,0,0,0,0,0,0,0,0,0
FFToday,Kimani Franklin,RB,CHI,10,0,0,0,1057.758,9.32,1.311,0,37.568,330.968,1.94,0,0,0,0,0,0,0,0,0,0,0,0,0,0,0
NumberFire,Kimani Franklin,RB,CHI,10,0,0,0,1225.288,10.085,1.229,0,45.902,350.73,1.945,0,0,0,0,0,0,0,0,0,0,0,0,0,0,0
NFL,Kimani Franklin,RB,CHI,10,0,0,0,1022.453,9.196,1.321,0,48.21,368.531,1.759,0,0,0,0,0,0,0,0,0,0,0,0,0,0,0
CBS,Bijan Pollard,RB,KC,10,0,0,0,1040.929,8.73,1.332,0,38.357,307.116,1.994,0,0,0,0,0,0,0,0,0,0,0,0,0,0,0
ESPN,Bijan Pollard,RB,KC,10,0,0,0,1011.751,7.677,1.382,0,41.075,320.391,1.909,0,0,0,0,0,0,0,0,0,0,0,0,0,0,0
FantasyPros,Bijan Pollard,RB,KC,10,0,0,0,988.246,9.183,1.165,0,36.727,330.392,1.764,0,0,0,0,0,0,0,0,0,0,0,0,0,0,0
FFToday,Bijan Pollard,RB,KC,10,0,0,0,953.103,9.198,1.19,0,40.931,318.132,1.714,0,0,0,0,0,0,0,0,0,0,0,0,0,0,0
NumberFire,Bijan Pollard,RB,KC,10,0,0,0,1182.269,9.42,1.053,0,41.191,347.925,1.512,0,0,0,0,0,0,0,0,0,0,0,0,0,0,0
NFL,Bijan Pollard,RB,KC,10,0,0,0,972.765,10.151,1.169,0,41.552,319.771,1.879,0,0,0,0,0,0,0,0,0,0,0,0,0,0,0
CBS,Marvin Thomas,RB,BAL,7,0,0,0,919.161,8.233,1.169,0,43.51,349.809,1.554,0,0,0,0,0,0,0,0,0,0,0,0,0,0,0
ESPN,Marvin Thomas,RB,BAL,7,0,0,0,1094.026,7.512,1.103,0,34.114,328.92,1.78,0,0,0,0,0,0,0,0,0,0,0,0,0,0,0
FantasyPros,Marvin Thomas,RB,BAL,7,0,0,0,1019.958,7.902,1.325,0,35.204,295.263,1.83,0,0,0,0,0,0,0,0,0,0,0,0,0,0,0
FFToday,Marvin Thomas,RB,BAL,7,0,0,0,976.097,8.39,1.07,0,41.284,339.418,1.8,0,0,0,0,0,0,0,0,0,0,0,0,0,0,0
NumberFire,Marvin Thomas,RB,BAL,7,0,0,0,928.659,8.472,1.257,0,40.825,341.798,1.767,0,0,0,0,0,0,0,0,0,0,0,0,0,0,0
NFL,Marvin Thomas,RB,BAL,7,0,0,0,966.113,8.65,1.185,0,40.618,358.827,1.81,0,0,0,0,0,0,0,0,0,0,0,0,0,0,0
CBS,Chase Robinson,RB,NO,7,0,0,0,1016.611,7.096,1.083,0,40.897,294.424,1.892,0,0,0,0,0,0,0,0,0,0,0,0,0,0,0
ESPN,Chase Robinson,RB,NO,7,0,0,0,900.864,7.635,1.132,0,34.606,329.254,1.665,0,0,0,0,0,0,0,0,0,0,0,0,0,0,0
FantasyPros,Chase Robinson,RB,NO,7,0,0,0,1010.957,7.988,1.216,0,41.124,316.71,1.693,0,0,0,0,0,0,0,0,0,0,0,0,0,0,0
FFToday,Chase Robinson,RB,NO,7,0,0,0,842.642,7.571,1.312,0,31.006,273.062,1.641,0,0,0,0,0,0,0,0,0,0,0,0,0,0,0
NumberFire,Chase Robinson,RB,NO,7,0,0,0,817.955,7.072,1.199,0,40.238,316.292,1.705,0,0,0,0,0,0,0,0,0,0,0,0,0,0,0
NFL,Chase Robinson,RB,NO,7,0,0,0,1081.321,7.939,1.074,0,34.71,306.339,1.751,0,0,0,0,0,0,0,0,0,0,0,0,0,0,0
CBS,Javon Gibbs,RB,MIN,5,0,0,0,1048.904,7.686,1.311,0,37.821,260.814,1.584,0,0,0,0,0,0,0,0,0,0,0,0,0,0,0
ESPN,Javon Gibbs,RB,MIN,5,0,0,0,991.224,7.71,1.298,0,32.167,328.58,1.519,0,0,0,0,0,0,0,0,0,0,0,0,0,0,0
FantasyPros,Javon Gibbs,RB,MIN,5,0,0,0,943.616,7.552,1.194,0,32.957,280.114,1.647,0,0,0,0,0,0,0,0,0,0,0,0,0,0,0
FFToday,Javon Gibbs,RB,MIN,5,0,0,0,870.705,7.009,1.196,0,35.184,292.604,1.634,0,0,0,0,0,0,0,0,0,0,0,0,0,0,0
NumberFire,Javon Gibbs,RB,MIN,5,0,0,0,859.625,7.562,1.19,0,33.751,305.068,1.493,0,0,0,0,0,0,0,0,0,0,0,0,0,0,0
NFL,Javon Gibbs,RB,MIN,5,0,0,0,888.734,7.797,1.049,0,34.5,301.93,1.544,0,0,0,0,0,0,0,0,0,0,0,0,0,0,0
CBS,Elic Odunze,RB,WAS,6,0,0,0,1080.082,7.79,1.211,0,38.823,284.048,1.518,0,0,0,0,0,0,0,0,0,0,0,0,0,0,0
ESPN,Elic Odunze,RB,WAS,6,0,0,0,864.852,7.133,1.149,0,33.567,275.689,1.615,0,0,0,0,0,0,0,0,0,0,0,0,0,0,0
FantasyPros,Elic Odunze,RB,WAS,6,0,0,0,845.838,6.531,1.162,0,37.317,245.007,1.688,0,0,0,0,0,0,0,0,0,0,0,0,0,0,0
FFToday,Elic Odunze,RB,WAS,6,0,0,0,903.371,6.963,0.987,0,32.357,281.095,1.535,0,0,0,0,0,0,0,0,0,0,0,0,0,0,0
NumberFire,Elic Odunze,RB,WAS,6,0,0,0,895.716,6.713,1.236,0,34.34,273.569,1.446,0,0,0,0,0,0,0,0,0,0,0,0,0,0,0
NFL,Elic Odunze,RB,WAS,6,0,0,0,876.248,7.37,1.152,0,34.366,292.048,1.568,0,0,0,0,0,0,0,0,0,0,0,0,0,0,0
CBS,Emeka Gibbs,RB,JAX,9,0,0,0,814.315,6.58,1.102,0,32.061,283.771,1.45,0,0,0,0,0,0,0,0,0,0,0,0,0,0,0
ESPN,Emeka Gibbs,RB,JAX,9,0,0,0,785.023,7.056,1.197,0,32.479,272.602,1.403,0,0,0,0,0,0,0,0,0,0,0,0,0,0,0
FantasyPros,Emeka Gibbs,RB,JAX,9,0,0,0,883.501,6.742,1.103,0,33.973,241.531,1.599,0,0,0,0,0,0,0,0,0,0,0,0,0,0,0
FFToday,Emeka Gibbs,RB,JAX,9,0,0,0,773.892,7.491,1.144,0,28.95,282.971,1.333,0,0,0,0,0,0,0,0,0,0,0,0,0,0,0
NumberFire,Emeka Gibbs,RB,JAX,9,0,0,0,785.891,6.4,1.114,0,31.957,284.638,1.541,0,0,0,0,0,0,0,0,0,0,0,0,0,0,0
NFL,Emeka Gibbs,RB,JAX,9,0,0,0,958.112,7.083,0.989,0,33.616,264.805,1.6,0,0,0,0,0,0,0,0,0,0,0,0,0,0,0
CBS,Audric Estime,RB,DAL,13,0,0,0,774.496,7.001,1.147,0,29.498,229.701,1.621,0,0,0,0,0,0,0,0,0,0,0,0,0,0,0
ESPN,Audric Estime,RB,DAL,13,0,0,0,804.936,7.793,1.168,0,30.417,272.008,1.44,0,0,0,0,0,0,0,0,0,0,0,0,0,0,0
FantasyPros,Audric Estime,RB,DAL,13,0,0,0,860.015,6.184,1.192,0,29.278,276.086,1.158,0,0,0,0,0,0,0,0,0,0,0,0,0,0,0
FFToday,Audric Estime,RB,DAL,13,0,0,0,787.238,7.496,1.158,0,29.551,269.343,1.439,0,0,0,0,0,0,0,0,0,0,0,0,0,0,0
NumberFire,Audric Estime,RB,DAL,13,0,0,0,756.169,6.338,1.184,0,30.613,247.733,1.463,0,0,0,0,0,0,0,0,0,0,0,0,0,0,0
NFL,Audric Estime,RB,DAL,13,0,0,0,792.434,5.938,1.026,0,32.106,262.827,1.552,0,0,0,0,0,0,0,0,0,0,0,0,0,0,0
CBS,Amari Bigsby,RB,LV,13,0,0,0,710.045,6.177,1.076,0,31.864,222.242,1.337,0,0,0,0,0,0,0,0,0,0,0,0,0,0,0
ESPN,Amari Bigsby,RB,LV,13,0,0,0,851.182,5.446,1.121,0,29.05,264.207,1.306,0,0,0,0,0,0,0,0,0,0,0,0,0,0,0
FantasyPros,Amari Bigsby,RB,LV,13,0,0,0,630.264,6.959,1.051,0,26.225,290.887,1.354,0,0,0,0,0,0,0,0,0,0,0,0,0,0,0
FFToday,Amari Bigsby,RB,LV,13,0,0,0,784.892,6.761,1.003,0,24.644,264.712,1.374,0,0,0,0,0,0,0,0,0,0,0,0,0,0,0
NumberFire,Amari Bigsby,RB,LV,13,0,0,0,725.749,6.599,1.134,0,28.873,254.754,1.342,0,0,0,0,0,0,0,0,0,0,0,0,0,0,0
NFL,Amari Bigsby,RB,LV,13,0,0,0,725.565,6.403,0.982,0,28.047,227.106,1.279,0,0,0,0,0,0,0,0,0,0,0,0,0,0,0
CBS,Garrett Gibbs,RB,DET,5,0,0,0,687.669,6.495,1.097,0,27.851,244.692,1.19,0,0,0,0,0,0,0,0,0,0,0,0,0,0,0
ESPN,Garrett Gibbs,RB,DET,5,0,0,0,696.907,6.573,1.164,0,29.778,222.454,1.398,0,0,0,0,0,0,0,0,0,0,0,0,0,0,0
FantasyPros,Garrett Gibbs,RB,DET,5,0,0,0,752.152,5.517,1.01,0,32.0,242.607,1.321,0,0,0,0,0,0,0,0,0,0,0,0,0,0,0
FFToday,Garrett Gibbs,RB,DET,5,0,0,0,623.778,6.533,1.271,0,34.053,245.6,1.365,0,0,0,0,0,0,0,0,0,0,0,0,0,0,0
NumberFire,Garrett Gibbs,RB,DET,5,0,0,0,723.654,5.191,1.19,0,25.562,255.067,1.32,0,0,0,0,0,0,0,0,0,0,0,0,0,0,0
NFL,Garrett Gibbs,RB,DET,5,0,0,0,707.343,6.556,1.197,0,32.484,209.037,1.387,0,0,0,0,0,0,0,0,0,0,0,0,0,0,0
CBS,Keon Bigsby,RB,MIA,14,0,0,0,656.93,5.625,1.21,0,24.971,221.189,1.345,0,0,0,0,0,0,0,0,0,0,0,0,0,0,0
ESPN,Keon Bigsby,RB,MIA,14,0,0,0,733.668,5.006,1.005,0,29.112,243.368,1.389,0,0,0,0,0,0,0,0,0,0,0,0,0,0,0
FantasyPros,Keon Bigsby,RB,MIA,14,0,0,0,639.037,5.432,1.243,0,23.054,193.644,1.351,0,0,0,0,0,0,0,0,0,0,0,0,0,0,0
FFToday,Keon Bigsby,RB,MIA,14,0,0,0,673.379,5.492,0.977,0,29.261,230.486,1.189,0,0,0,0,0,0,0,0,0,0,0,0,0,0,0
NumberFire,Keon Bigsby,RB,MIA,14,0,0,0,714.357,5.732,1.222,0,28.964,242.361,1.121,0,0,0,0,0,0,0,0,0,0,0,0,0,0,0
NFL,Keon Bigsby,RB,MIA,14,0,0,0,761.492,6.009,1.165,0,28.177,238.13,1.244,0,0,0,0,0,0,0,0,0,0,0,0,0,0,0
CBS,Chase Irving,RB,NYJ,9,0,0,0,686.565,6.454,0.898,0,26.849,250.137,1.307,0,0,0,0,0,0,0,0,0,0,0,0,0,0,0
ESPN,Chase Irving,RB,NYJ,9,0,0,0,613.095,5.057,0.958,0,24.463,190.297,1.171,0,0,0,0,0,0,0,0,0,0,0,0,0,0,0
FantasyPros,Chase Irving,RB,NYJ,9,0,0,0,781.178,5.374,1.067,0,21.238,236.892,1.296,0,0,0,0,0,0,0,0,0,0,0,0,0,0,0
FFToday,Chase Irving,RB,NYJ,9,0,0,0,658.872,6.168,1.104,0,27.763,196.583,1.193,0,0,0,0,0,0,0,0,0,0,0,0,0,0,0
NumberFire,Chase Irving,RB,NYJ,9,0,0,0,694.219,6.313,0.969,0,24.106,228.249,1.237,0,0,0,0,0,0,0,0,0,0,0,0,0,0,0
NFL,Chase Irving,RB,NYJ,9,0,0,0,584.964,5.141,0.887,0,29.363,198.933,1.162,0,0,0,0,0,0,0,0,0,0,0,0,0,0,0
CBS,Isaiah Robinson,RB,HOU,7,0,0,0,768.319,4.798,1.326,0,25.059,192.71,1.168,0,0,0,0,0,0,0,0,0,0,0,0,0,0,0
ESPN,Isaiah Robinson,RB,HOU,7,0,0,0,603.542,5.122,1.129,0,25.601,186.831,1.004,0,0,0,0,0,0,0,0,0,0,0,0,0,0,0
FantasyPros,Isaiah Robinson,RB,HOU,7,0,0,0,625.966,4.662,1.084,0,27.27,212.044,1.209,0,0,0,0,0,0,0,0,0,0,0,0,0,0,0
FFToday,Isaiah Robinson,RB,HOU,7,0,0,0,720.387,5.033,1.133,0,24.062,222.989,1.017,0,0,0,0,0,0,0,0,0,0,0,0,0,0,0
NumberFire,Isaiah Robinson,RB,HOU,7,0,0,0,699.139,5.679,0.978,0,24.733,195.339,1.297,0,0,0,0,0,0,0,0,0,0,0,0,0,0,0
NFL,Isaiah Robinson,RB,HOU,7,0,0,0,708.791,5.526,1.047,0,25.079,196.814,1.316,0,0,0,0,0,0,0,0,0,0,0,0,0,0,0
CBS,Isaiah Brown,RB,CIN,11,0,0,0,658.237,4.818,0.944,0,26.417,200.823,1.109,0,0,0,0,0,0,0,0,0,0,0,0,0,0,0
ESPN,Isaiah Brown,RB,CIN,11,0,0,0,685.526,4.656,0.994,0,26.797,201.57,1.137,0,0,0,0,0,0,0,0,0,0,0,0,0,0,0
FantasyPros,Isaiah Brown,RB,CIN,11,0,0,0,570.927,4.882,1.243,0,22.074,225.912,1.031,0,0,0,0,0,0,0,0,0,0,0,0,0,0,0
FFToday,Isaiah Brown,RB,CIN,11,0,0,0,678.022,4.974,1.006,0,18.909,200.835,1.205,0,0,0,0,0,0,0,0,0,0,0,0,0,0,0
NumberFire,Isaiah Brown,RB,CIN,11,0,0,0,530.092,5.587,1.01,0,22.18,196.325,1.015,0,0,0,0,0,0,0,0,0,0,0,0,0,0,0
NFL,Isaiah Brown,RB,CIN,11,0,0,0,620.62,5.798,1.033,0,23.182,182.876,1.102,0,0,0,0,0,0,0,0,0,0,0,0,0,0,0
CBS,Ladd Dowdle,RB,BUF,8,0,0,0,565.837,5.173,1.09,0,22.166,183.052,1.176,0,0,0,0,0,0,0,0,0,0,0,0,0,0,0
ESPN,Ladd Dowdle,RB,BUF,8,0,0,0,581.432,5.284,1.018,0,22.413,211.787,1.061,0,0,0,0,0,0,0,0,0,0,0,0,0,0,0
FantasyPros,Ladd Dowdle,RB,BUF,8,0,0,0,601.142,4.948,0.998,0,20.51,199.215,1.039,0,0,0,0,0,0,0,0,0,0,0,0,0,0,0
FFToday,Ladd Dowdle,RB,BUF,8,0,0,0,591.979,4.572,1.035,0,26.194,211.192,0.847,0,0,0,0,0,0,0,0,0,0,0,0,0,0,0
NumberFire,Ladd Dowdle,RB,BUF,8,0,0,0,531.649,4.351,1.005,0,25.038,167.063,0.878,0,0,0,0,0,0,0,0,0,0,0,0,0,0,0
NFL,Ladd Dowdle,RB,BUF,8,0,0,0,694.648,5.1,0.905,0,19.958,192.658,1.03,0,0,0,0,0,0,0,0,0,0,0,0,0,0,0
CBS,Devon Jefferson,RB,NO,7,0,0,0,416.279,4.187,0.969,0,18.897,151.305,1.106,0,0,0,0,0,0,0,0,0,0,0,0,0,0,0
ESPN,Devon Jefferson,RB,NO,7,0,0,0,481.279,4.959,1.02,0,22.531,181.718,0.888,0,0,0,0,0,0,0,0,0,0,0,0,0,0,0
FantasyPros,Devon Jefferson,RB,NO,7,0,0,0,508.978,4.196,1.007,0,21.018,176.609,1.105,0,0,0,0,0,0,0,0,0,0,0,0,0,0,0
FFToday,Devon Jefferson,RB,NO,7,0,0,0,500.557,4.964,1.105,0,19.716,174.464,0.943,0,0,0,0,0,0,0,0,0,0,0,0,0,0,0
NumberFire,Devon Jefferson,RB,NO,7,0,0,0,647.463,4.293,1.068,0,23.657,189.215,1.034,0,0,0,0,0,0,0,0,0,0,0,0,0,0,0
NFL,Devon Jefferson,RB,NO,7,0,0,0,592.914,4.786,0.934,0,19.888,178.501,0.822,0,0,0,0,0,0,0,0,0,0,0,0,0,0,0
CBS,Puka Wright,RB,TEN,5,0,0,0,450.395,3.766,0.911,0,20.652,191.538,0.894,0,0,0,0,0,0,0,0,0,0,0,0,0,0,0
ESPN,Puka Wright,RB,TEN,5,0,0,0,531.352,5.162,0.956,0,21.946,169.714,1.041,0,0,0,0,0,0,0,0,0,0,0,0,0,0,0
FantasyPros,Puka Wright,RB,TEN,5,0,0,0,608.524,4.256,1.141,0,20.635,121.514,1.038,0,0,0,0,0,0,0,0,0,0,0,0,0,0,0
FFToday,Puka Wright,RB,TEN,5,0,0,0,545.292,3.987,0.736,0,22.674,171.704,1.062,0,0,0,0,0,0,0,0,0,0,0,0,0,0,0
NumberFire,Puka Wright,RB,TEN,5,0,0,0,523.96,3.827,0.985,0,21.9,206.426,0.862,0,0,0,0,0,0,0,0,0,0,0,0,0,0,0
NFL,Puka Wright,RB,TEN,5,0,0,0,498.684,4.427,0.784,0,21.384,176.343,0.952,0,0,0,0,0,0,0,0,0,0,0,0,0,0,0
CBS,Puka Nabers,RB,SF,13,0,0,0,497.192,4.242,0.82,0,20.831,174.271,1.023,0,0,0,0,0,0,0,0,0,0,0,0,0,0,0
ESPN,Puka Nabers,RB,SF,13,0,0,0,540.236,4.013,0.952,0,23.009,163.562,0.787,0,0,0,0,0,0,0,0,0,0,0,0,0,0,0
FantasyPros,Puka Nabers,RB,SF,13,0,0,0,554.772,3.653,1.154,0,17.668,161.976,0.942,0,0,0,0,0,0,0,0,0,0,0,0,0,0,0
FFToday,Puka Nabers,RB,SF,13,0,0,0,512.369,4.969,1.047,0,22.481,170.554,0.894,0,0,0,0,0,0,0,0,0,0,0,0,0,0,0
NumberFire,Puka Nabers,RB,SF,13,0,0,0,370.928,3.983,0.915,0,15.621,134.918,1.029,0,0,0,0,0,0,0,0,0,0,0,0,0,0,0
NFL,Puka Nabers,RB,SF,13,0,0,0,495.154,4.049,0.946,0,20.514,156.621,0.882,0,0,0,0,0,0,0,0,0,0,0,0,0,0,0
CBS,Tucker Walker,RB,WAS,6,0,0,0,550.325,3.749,1.009,0,23.791,168.427,1.035,0,0,0,0,0,0,0,0,0,0,0,0,0,0,0
ESPN,Tucker Walker,RB,WAS,6,0,0,0,360.365,4.171,1.025,0,20.489,141.703,0.967,0,0,0,0,0,0,0,0,0,0,0,0,0,0,0
FantasyPros,Tucker Walker,RB,WAS,6,0,0,0,466.797,4.209,0.956,0,18.874,183.446,0.878,0,0,0,0,0,0,0,0,0,0,0,0,0,0,0
FFToday,Tucker Walker,RB,WAS,6,0,0,0,531.339,3.912,0.962,0,17.249,126.765,0.905,0,0,0,0,0,0,0,0,0,0,0,0,0,0,0
NumberFire,Tucker Walker,RB,WAS,6,0,0,0,489.538,4.209,1.008,0,16.056,166.977,0.849,0,0,0,0,0,0,0,0,0,0,0,0,0,0,0
NFL,Tucker Walker,RB,WAS,6,0,0,0,542.543,3.961,0.847,0,19.522,169.053,0.915,0,0,0,0,0,0,0,0,0,0,0,0,0,0,0
CBS,Chase Gibbs,RB,DET,5,0,0,0,484.741,3.311,1.016,0,16.265,160.864,0.941,0,0,0,0,0,0,0,0,0,0,0,0,0,0,0
ESPN,Chase Gibbs,RB,DET,5,0,0,0,443.693,3.129,0.899,0,18.425,138.981,0.855,0,0,0,0,0,0,0,0,0,0,0,0,0,0,0
FantasyPros,Chase Gibbs,RB,DET,5,0,0,0,455.014,3.316,0.964,0,16.691,166.078,0.886,0,0,0,0,0,0,0,0,0,0,0,0,0,0,0
FFToday,Chase Gibbs,RB,DET,5,0,0,0,485.505,4.317,1.054,0,19.717,159.327,0.981,0,0,0,0,0,0,0,0,0,0,0,0,0,0,0
NumberFire,Chase Gibbs,RB,DET,5,0,0,0,525.247,3.804,0.842,0,19.769,145.361,0.812,0,0,0,0,0,0,0,0,0,0,0,0,0,0,0
NFL,Chase Gibbs,RB,DET,5,0,0,0,476.006,3.783,0.839,0,22.214,143.912,0.971,0,0,0,0,0,0,0,0,0,0,0,0,0,0,0
CBS,Caleb Pollard,RB,IND,8,0,0,0,474.611,3.045,0.898,0,16.788,136.814,0.879,0,0,0,0,0,0,0,0,0,0,0,0,0,0,0
ESPN,Caleb Pollard,RB,IND,8,0,0,0,491.172,3.466,0.845,0,19.174,145.839,0.806,0,0,0,0,0,0,0,0,0,0,0,0,0,0,0
FantasyPros,Caleb Pollard,RB,IND,8,0,0,0,446.592,3.895,0.908,0,17.849,145.12,0.956,0,0,0,0,0,0,0,0,0,0,0,0,0,0,0
FFToday,Caleb Pollard,RB,IND,8,0,0,0,441.682,3.561,0.767,0,16.403,139.647,0.752,0,0,0,0,0,0,0,0,0,0,0,0,0,0,0
NumberFire,Caleb Pollard,RB,IND,8,0,0,0,440.61,4.461,1.093,0,15.535,172.05,0.868,0,0,0,0,0,0,0,0,0,0,0,0,0,0,0
NFL,Caleb Pollard,RB,IND,8,0,0,0,489.341,3.599,0.852,0,17.521,135.676,1.014,0,0,0,0,0,0,0,0,0,0,0,0,0,0,0
CBS,Tucker Etienne,RB,NE,6,0,0,0,394.342,3.592,0.869,0,18.733,135.954,0.807,0,0,0,0,0,0,0,0,0,0,0,0,0,0,0
ESPN,Tucker Etienne,RB,NE,6,0,0,0,409.448,3.563,0.887,0,17.929,129.274,0.683,0,0,0,0,0,0,0,0,0,0,0,0,0,0,0
FantasyPros,Tucker Etienne,RB,NE,6,0,0,0,432.278,3.499,0.997,0,19.272,120.028,0.749,0,0,0,0,0,0,0,0,0,0,0,0,0,0,0
FFToday,Tucker Etienne,RB,NE,6,0,0,0,470.104,3.633,1.065,0,13.837,127.187,0.703,0,0,0,0,0,0,0,0,0,0,0,0,0,0,0
NumberFire,Tucker Etienne,RB,NE,6,0,0,0,423.184,3.612,1.062,0,15.075,135.044,0.782,0,0,0,0,0,0,0,0,0,0,0,0,0,0,0
NFL,Tucker Etienne,RB,NE,6,0,0,0,443.376,4.118,0.995,0,20.388,144.477,0.857,0,0,0,0,0,0,0,0,0,0,0,0,0,0,0
CBS,Ainias Brown,RB,JAX,9,0,0,0,524.359,2.745,0.91,0,15.012,157.073,0.758,0,0,0,0,0,0,0,0,0,0,0,0,0,0,0
ESPN,Ainias Brown,RB,JAX,9,0,0,0,354.311,3.669,1.045,0,14.665,143.842,0.714,0,0,0,0,0,0,0,0,0,0,0,0,0,0,0
FantasyPros,Ainias Brown,RB,JAX,9,0,0,0,385.223,2.599,1.112,0,19.271,149.954,0.731,0,0,0,0,0,0,0,0,0,0,0,0,0,0,0
FFToday,Ainias Brown,RB,JAX,9,0,0,0,417.109,3.581,0.868,0,18.035,132.641,0.821,0,0,0,0,0,0,0,0,0,0,0,0,0,0,0
NumberFire,Ainias Brown,RB,JAX,9,0,0,0,457.134,3.787,1.111,0,15.797,123.392,0.755,0,0,0,0,0,0,0,0,0,0,0,0,0,0,0
NFL,Ainias Brown,RB,JAX,9,0,0,0,419.428,2.732,1.044,0,18.119,120.301,0.854,0,0,0,0,0,0,0,0,0,0,0,0,0,0,0
CBS,Trey Franklin,RB,PHI,10,0,0,0,364.521,3.759,0.857,0,14.417,131.867,0.759,0,0,0,0,0,0,0,0,0,0,0,0,0,0,0
ESPN,Trey Franklin,RB,PHI,10,0,0,0,517.409,3.673,1.001,0,13.879,145.355,0.687,0,0,0,0,0,0,0,0,0,0,0,0,0,0,0
FantasyPros,Trey Franklin,RB,PHI,10,0,0,0,342.398,3.018,0.956,0,13.114,129.717,0.626,0,0,0,0,0,0,0,0,0,0,0,0,0,0,0
FFToday,Trey Franklin,RB,PHI,10,0,0,0,403.276,3.326,0.975,0,12.988,121.049,0.712,0,0,0,0,0,0,0,0,0,0,0,0,0,0,0
NumberFire,Trey Franklin,RB,PHI,10,0,0,0,388.989,2.952,0.905,0,15.418,141.962,0.814,0,0,0,0,0,0,0,0,0,0,0,0,0,0,0
NFL,Trey Franklin,RB,PHI,10,0,0,0,398.245,3.315,0.782,0,16.211,121.272,0.963,0,0,0,0,0,0,0,0,0,0,0,0,0,0,0
CBS,Trey Dowdle,RB,GB,6,0,0,0,406.379,3.754,0.842,0,15.469,126.84,0.707,0,0,0,0,0,0,0,0,0,0,0,0,0,0,0
ESPN,Trey Dowdle,RB,GB,6,0,0,0,375.036,3.244,0.926,0,14.594,90.196,0.582,0,0,0,0,0,0,0,0,0,0,0,0,0,0,0
FantasyPros,Trey Dowdle,RB,GB,6,0,0,0,325.456,2.418,0.797,0,12.578,138.879,0.989,0,0,0,0,0,0,0,0,0,0,0,0,0,0,0
FFToday,Trey Dowdle,RB,GB,6,0,0,0,456.619,2.917,0.759,0,12.901,116.497,0.589,0,0,0,0,0,0,0,0,0,0,0,0,0,0,0
NumberFire,Trey Dowdle,RB,GB,6,0,0,0,431.393,2.569,1.042,0,15.94,107.929,0.535,0,0,0,0,0,0,0,0,0,0,0,0,0,0,0
NFL,Trey Dowdle,RB,GB,6,0,0,0,472.255,3.498,0.962,0,15.98,137.531,0.568,0,0,0,0,0,0,0,0,0,0,0,0,0,0,0
CBS,Bo Dowdle,RB,BUF,8,0,0,0,366.947,2.377,0.932,0,14.475,119.54,0.596,0,0,0,0,0,0,0,0,0,0,0,0,0,0,0
ESPN,Bo Dowdle,RB,BUF,8,0,0,0,324.745,3.05,0.783,0,11.298,123.084,0.563,0,0,0,0,0,0,0,0,0,0,0,0,0,0,0
FantasyPros,Bo Dowdle,RB,BUF,8,0,0,0,349.33,2.525,0.926,0,15.03,101.449,0.648,0,0,0,0,0,0,0,0,0,0,0,0,0,0,0
FFToday,Bo Dowdle,RB,BUF,8,0,0,0,367.55,3.419,0.943,0,11.825,126.979,0.701,0,0,0,0,0,0,0,0,0,0,0,0,0,0,0
NumberFire,Bo Dowdle,RB,BUF,8,0,0,0,374.387,2.705,0.921,0,12.281,118.427,0.558,0,0,0,0,0,0,0,0,0,0,0,0,0,0,0
NFL,Bo Dowdle,RB,BUF,8,0,0,0,374.698,2.784,0.905,0,13.949,120.407,0.617,0,0,0,0,0,0,0,0,0,0,0,0,0,0,0
CBS,Emeka Jefferson,RB,HOU,7,0,0,0,361.068,2.667,0.748,0,14.259,82.345,0.594,0,0,0,0,0,0,0,0,0,0,0,0,0,0,0
ESPN,Emeka Jefferson,RB,HOU,7,0,0,0,347.818,2.512,1.081,0,9.709,100.368,0.641,0,0,0,0,0,0,0,0,0,0,0,0,0,0,0
FantasyPros,Emeka Jefferson,RB,HOU,7,0,0,0,320.627,2.611,0.793,0,13.462,96.486,0.622,0,0,0,0,0,0,0,0,0,0,0,0,0,0,0
FFToday,Emeka Jefferson,RB,HOU,7,0,0,0,354.529,2.089,0.665,0,11.538,88.285,0.561,0,0,0,0,0,0,0,0,0,0,0,0,0,0,0
NumberFire,Emeka Jefferson,RB,HOU,7,0,0,0,308.478,1.952,0.951,0,10.359,96.513,0.529,0,0,0,0,0,0,0,0,0,0,0,0,0,0,0
NFL,Emeka Jefferson,RB,HOU,7,0,0,0,323.587,1.982,0.662,0,12.132,77.643,0.562,0,0,0,0,0,0,0,0,0,0,0,0,0,0,0
CBS,Troy Irving,RB,DAL,13,0,0,0,288.917,2.088,0.974,0,10.404,95.76,0.472,0,0,0,0,0,0,0,0,0,0,0,0,0,0,0
ESPN,Troy Irving,RB,DAL,13,0,0,0,298.593,2.184,0.723,0,13.221,105.011,0.515,0,0,0,0,0,0,0,0,0,0,0,0,0,0,0
FantasyPros,Troy Irving,RB,DAL,13,0,0,0,262.061,2.292,0.76,0,10.748,71.968,0.47,0,0,0,0,0,0,0,0,0,0,0,0,0,0,0
FFToday,Troy Irving,RB,DAL,13,0,0,0,299.493,2.237,0.725,0,11.089,87.745,0.583,0,0,0,0,0,0,0,0,0,0,0,0,0,0,0
NumberFire,Troy Irving,RB,DAL,13,0,0,0,292.372,1.687,0.812,0,13.212,84.721,0.573,0,0,0,0,0,0,0,0,0,0,0,0,0,0,0
NFL,Troy Irving,RB,DAL,13,0,0,0,289.213,2.175,1.106,0,9.974,88.024,0.5,0,0,0,0,0,0,0,0,0,0,0,0,0,0,0
CBS,Xzavier Odunze,RB,IND,8,0,0,0,270.451,1.353,0.712,0,10.917,67.411,0.381,0,0,0,0,0,0,0,0,0,0,0,0,0,0,0
ESPN,Xzavier Odunze,RB,IND,8,0,0,0,278.113,1.628,0.887,0,9.468,84.854,0.396,0,0,0,0,0,0,0,0,0,0,0,0,0,0,0
FantasyPros,Xzavier Odunze,RB,IND,8,0,0,0,230.692,2.324,0.759,0,10.677,96.425,0.465,0,0,0,0,0,0,0,0,0,0,0,0,0,0,0
FFToday,Xzavier Odunze,RB,IND,8,0,0,0,195.083,1.873,0.943,0,9.659,67.559,0.379,0,0,0,0,0,0,0,0,0,0,0,0,0,0,0
NumberFire,Xzavier Odunze,RB,IND,8,0,0,0,230.605,2.001,0.799,0,8.663,74.44,0.307,0,0,0,0,0,0,0,0,0,0,0,0,0,0,0
NFL,Xzavier Odunze,RB,IND,8,0,0,0,230.394,1.631,0.836,0,11.301,85.704,0.538,0,0,0,0,0,0,0,0,0,0,0,0,0,0,0
CBS,Javon Worthy,RB,DET,5,0,0,0,230.737,2.121,0.852,0,8.375,67.345,0.325,0,0,0,0,0,0,0,0,0,0,0,0,0,0,0
ESPN,Javon Worthy,RB,DET,5,0,0,0,210.649,1.652,0.775,0,7.171,84.894,0.433,0,0,0,0,0,0,0,0,0,0,0,0,0,0,0
FantasyPros,Javon Worthy,RB,DET,5,0,0,0,208.941,1.978,0.991,0,7.027,85.974,0.437,0,0,0,0,0,0,0,0,0,0,0,0,0,0,0
FFToday,Javon Worthy,RB,DET,5,0,0,0,292.806,1.619,0.852,0,11.015,43.538,0.355,0,0,0,0,0,0,0,0,0,0,0,0,0,0,0
NumberFire,Javon Worthy,RB,DET,5,0,0,0,170.656,1.457,0.881,0,10.205,76.256,0.405,0,0,0,0,0,0,0,0,0,0,0,0,0,0,0
NFL,Javon Worthy,RB,DET,5,0,0,0,213.985,1.975,0.756,0,9.007,67.668,0.424,0,0,0,0,0,0,0,0,0,0,0,0,0,0,0
CBS,Rashee Spears,RB,NYJ,9,0,0,0,233.092,1.427,0.943,0,6.926,63.81,0.294,0,0,0,0,0,0,0,0,0,0,0,0,0,0,0
ESPN,Rashee Spears,RB,NYJ,9,0,0,0,225.242,1.966,0.678,0,6.933,61.049,0.256,0,0,0,0,0,0,0,0,0,0,0,0,0,0,0
FantasyPros,Rashee Spears,RB,NYJ,9,0,0,0,237.655,1.448,0.762,0,5.589,66.645,0.309,0,0,0,0,0,0,0,0,0,0,0,0,0,0,0
FFToday,Rashee Spears,RB,NYJ,9,0,0,0,221.687,1.941,0.858,0,9.301,51.721,0.378,0,0,0,0,0,0,0,0,0,0,0,0,0,0,0
NumberFire,Rashee Spears,RB,NYJ,9,0,0,0,201.001,1.584,0.788,0,8.638,74.635,0.34,0,0,0,0,0,0,0,0,0,0,0,0,0,0,0
NFL,Rashee Spears,RB,NYJ,9,0,0,0,191.521,1.914,0.815,0,8.637,66.873,0.366,0,0,0,0,0,0,0,0,0,0,0,0,0,0,0
CBS,Amari Nix,RB,PIT,11,0,0,0,183.129,1.243,0.82,0,5.667,57.791,0.262,0,0,0,0,0,0,0,0,0,0,0,0,0,0,0
ESPN,Amari Nix,RB,PIT,11,0,0,0,213.863,1.812,0.696,0,7.194,58.537,0.405,0,0,0,0,0,0,0,0,0,0,0,0,0,0,0
FantasyPros,Amari Nix,RB,PIT,11,0,0,0,161.366,1.218,0.747,0,7.633,63.027,0.256,0,0,0,0,0,0,0,0,0,0,0,0,0,0,0
FFToday,Amari Nix,RB,PIT,11,0,0,0,191.82,1.28,0.599,0,6.493,40.378,0.273,0,0,0,0,0,0,0,0,0,0,0,0,0,0,0
NumberFire,Amari Nix,RB,PIT,11,0,0,0,166.953,1.771,0.841,0,8.108,62.017,0.338,0,0,0,0,0,0,0,0,0,0,0,0,0,0,0
NFL,Amari Nix,RB,PIT,11,0,0,0,221.164,1.541,0.888,0,5.593,64.03,0.327,0,0,0,0,0,0,0,0,0,0,0,0,0,0,0
CBS,Malik Maye,RB,MIA,14,0,0,0,142.673,1.279,0.696,0,6.145,51.538,0.225,0,0,0,0,0,0,0,0,0,0,0,0,0,0,0
ESPN,Malik Maye,RB,MIA,14,0,0,0,166.367,1.401,1.004,0,8.059,56.284,0.307,0,0,0,0,0,0,0,0,0,0,0,0,0,0,0
FantasyPros,Malik Maye,RB,MIA,14,0,0,0,182.585,1.538,0.648,0,6.777,51.568,0.239,0,0,0,0,0,0,0,0,0,0,0,0,0,0,0
FFToday,Malik Maye,RB,MIA,14,0,0,0,174.305,1.558,0.86,0,6.1,37.616,0.218,0,0,0,0,0,0,0,0,0,0,0,0,0,0,0
NumberFire,Malik Maye,RB,MIA,14,0,0,0,167.802,1.198,0.888,0,6.932,47.143,0.258,0,0,0,0,0,0,0,0,0,0,0,0,0,0,0
NFL,Malik Maye,RB,MIA,14,0,0,0,179.218,1.154,0.717,0,6.752,57.199,0.267,0,0,0,0,0,0,0,0,0,0,0,0,0,0,0
CBS,Jayden Shipley,RB,GB,6,0,0,0,157.022,1.245,0.585,0,6.539,43.178,0.292,0,0,0,0,0,0,0,0,0,0,0,0,0,0,0
ESPN,Jayden Shipley,RB,GB,6,0,0,0,144.287,1.248,0.976,0,3.893,50.006,0.241,0,0,0,0,0,0,0,0,0,0,0,0,0,0,0
FantasyPros,Jayden Shipley,RB,GB,6,0,0,0,139.417,1.345,0.9,0,5.497,54.824,0.279,0,0,0,0,0,0,0,0,0,0,0,0,0,0,0
FFToday,Jayden Shipley,RB,GB,6,0,0,0,155.287,1.343,0.991,0,6.23,47.861,0.281,0,0,0,0,0,0,0,0,0,0,0,0,0,0,0
NumberFire,Jayden Shipley,RB,GB,6,0,0,0,162.062,1.141,0.808,0,5.427,43.337,0.311,0,0,0,0,0,0,0,0,0,0,0,0,0,0,0
NFL,Jayden Shipley,RB,GB,6,0,0,0,183.018,1.149,0.62,0,4.433,36.239,0.245,0,0,0,0,0,0,0,0,0,0,0,0,0,0,0
CBS,Roman Corum,RB,WAS,6,0,0,0,130.004,1.142,0.854,0,3.484,34.828,0.289,0,0,0,0,0,0,0,0,0,0,0,0,0,0,0
ESPN,Roman Corum,RB,WAS,6,0,0,0,148.458,1.045,0.792,0,5.96,42.531,0.248,0,0,0,0,0,0,0,0,0,0,0,0,0,0,0
FantasyPros,Roman Corum,RB,WAS,6,0,0,0,114.503,1.113,0.559,0,4.786,34.12,0.225,0,0,0,0,0,0,0,0,0,0,0,0,0,0,0
FFToday,Roman Corum,RB,WAS,6,0,0,0,129.844,1.281,0.624,0,5.436,46.99,0.207,0,0,0,0,0,0,0,0,0,0,0,0,0,0,0
NumberFire,Roman Corum,RB,WAS,6,0,0,0,102.598,1.23,0.894,0,5.769,47.247,0.242,0,0,0,0,0,0,0,0,0,0,0,0,0,0,0
NFL,Roman Corum,RB,WAS,6,0,0,0,134.089,0.874,0.827,0,3.045,32.085,0.193,0,0,0,0,0,0,0,0,0,0,0,0,0,0,0
CBS,Malik Allen,RB,TB,14,0,0,0,129.933,0.809,0.921,0,4.837,35.574,0.189,0,0,0,0,0,0,0,0,0,0,0,0,0,0,0
ESPN,Malik Allen,RB,TB,14,0,0,0,105.209,0.85,0.876,0,4.94,44.74,0.188,0,0,0,0,0,0,0,0,0,0,0,0,0,0,0
FantasyPros,Malik Allen,RB,TB,14,0,0,0,134.659,0.741,0.718,0,4.049,28.886,0.242,0,0,0,0,0,0,0,0,0,0,0,0,0,0,0
FFToday,Malik Allen,RB,TB,14,0,0,0,108.566,1.186,0.858,0,4.485,45.808,0.185,0,0,0,0,0,0,0,0,0,0,0,0,0,0,0
NumberFire,Malik Allen,RB,TB,14,0,0,0,107.396,1.04,0.708,0,4.483,32.172,0.223,0,0,0,0,0,0,0,0,0,0,0,0,0,0,0
NFL,Malik Allen,RB,TB,14,0,0,0,109.565,0.812,0.848,0,3.057,41.493,0.193,0,0,0,0,0,0,0,0,0,0,0,0,0,0,0
CBS,Bo Nabers,RB,TEN,5,0,0,0,84.452,0.78,0.868,0,3.858,28.437,0.203,0,0,0,0,0,0,0,0,0,0,0,0,0,0,0
ESPN,Bo Nabers,RB,TEN,5,0,0,0,89.867,1.056,0.928,0,2.665,28.403,0.222,0,0,0,0,0,0,0,0,0,0,0,0,0,0,0
FantasyPros,Bo Nabers,RB,TEN,5,0,0,0,77.268,0.995,0.651,0,4.793,39.085,0.192,0,0,0,0,0,0,0,0,0,0,0,0,0,0,0
FFToday,Bo Nabers,RB,TEN,5,0,0,0,88.43,0.843,0.753,0,4.615,23.304,0.168,0,0,0,0,0,0,0,0,0,0,0,0,0,0,0
NumberFire,Bo Nabers,RB,TEN,5,0,0,0,103.715,0.784,0.691,0,3.933,29.139,0.207,0,0,0,0,0,0,0,0,0,0,0,0,0,0,0
NFL,Bo Nabers,RB,TEN,5,0,0,0,124.072,1.009,0.731,0,3.511,39.87,0.183,0,0,0,0,0,0,0,0,0,0,0,0,0,0,0
CBS,Tyreek Legette,RB,LAR,12,0,0,0,95.98,0.716,0.665,0,4.321,29.952,0.197,0,0,0,0,0,0,0,0,0,0,0,0,0,0,0
ESPN,Tyreek Legette,RB,LAR,12,0,0,0,84.649,0.858,0.918,0,4.395,26.329,0.159,0,0,0,0,0,0,0,0,0,0,0,0,0,0,0
FantasyPros,Tyreek Legette,RB,LAR,12,0,0,0,108.414,0.951,0.812,0,3.116,32.457,0.193,0,0,0,0,0,0,0,0,0,0,0,0,0,0,0
FFToday,Tyreek Legette,RB,LAR,12,0,0,0,85.107,0.669,0.584,0,4.877,31.79,0.194,0,0,0,0,0,0,0,0,0,0,0,0,0,0,0
NumberFire,Tyreek Legette,RB,LAR,12,0,0,0,121.433,0.7,0.314,0,2.831,26.016,0.152,0,0,0,0,0,0,0,0,0,0,0,0,0,0,0
NFL,Tyreek Legette,RB,LAR,12,0,0,0,88.856,0.891,0.911,0,3.241,33.808,0.139,0,0,0,0,0,0,0,0,0,0,0,0,0,0,0
CBS,Tucker Dowdle,RB,JAX,9,0,0,0,76.968,0.829,0.864,0,3.506,27.583,0.135,0,0,0,0,0,0,0,0,0,0,0,0,0,0,0
ESPN,Tucker Dowdle,RB,JAX,9,0,0,0,70.817,0.819,0.775,0,2.558,24.96,0.16,0,0,0,0,0,0,0,0,0,0,0,0,0,0,0
FantasyPros,Tucker Dowdle,RB,JAX,9,0,0,0,105.734,0.692,0.8,0,2.657,28.467,0.17,0,0,0,0,0,0,0,0,0,0,0,0,0,0,0
FFToday,Tucker Dowdle,RB,JAX,9,0,0,0,91.138,0.729,0.832,0,4.222,29.264,0.174,0,0,0,0,0,0,0,0,0,0,0,0,0,0,0
NumberFire,Tucker Dowdle,RB,JAX,9,0,0,0,71.777,0.824,0.722,0,3.178,28.071,0.176,0,0,0,0,0,0,0,0,0,0,0,0,0,0,0
NFL,Tucker Dowdle,RB,JAX,9,0,0,0,93.077,0.663,0.779,0,3.527,24.273,0.165,0,0,0,0,0,0,0,0,0,0,0,0,0,0,0
CBS,Roman Brooks,RB,NE,6,0,0,0,70.548,0.644,0.84,0,3.296,31.665,0.137,0,0,0,0,0,0,0,0,0,0,0,0,0,0,0
ESPN,Roman Brooks,RB,NE,6,0,0,0,63.216,0.645,0.862,0,3.451,24.148,0.132,0,0,0,0,0,0,0,0,0,0,0,0,0,0,0
FantasyPros,Roman Brooks,RB,NE,6,0,0,0,91.574,0.639,0.842,0,3.241,24.052,0.155,0,0,0,0,0,0,0,0,0,0,0,0,0,0,0
FFToday,Roman Brooks,RB,NE,6,0,0,0,71.663,0.721,0.803,0,3.109,28.635,0.138,0,0,0,0,0,0,0,0,0,0,0,0,0,0,0
NumberFire,Roman Brooks,RB,NE,6,0,0,0,54.799,0.504,1.009,0,3.28,25.877,0.127,0,0,0,0,0,0,0,0,0,0,0,0,0,0,0
NFL,Roman Brooks,RB,NE,6,0,0,0,65.983,0.633,0.869,0,2.025,23.712,0.134,0,0,0,0,0,0,0,0,0,0,0,0,0,0,0
CBS,Devon Maye,RB,GB,6,0,0,0,61.406,0.49,0.851,0,2.295,21.76,0.096,0,0,0,0,0,0,0,0,0,0,0,0,0,0,0
ESPN,Devon Maye,RB,GB,6,0,0,0,71.591,0.58,0.624,0,2.994,22.866,0.131,0,0,0,0,0,0,0,0,0,0,0,0,0,0,0
FantasyPros,Devon Maye,RB,GB,6,0,0,0,55.112,0.617,0.704,0,2.598,18.622,0.115,0,0,0,0,0,0,0,0,0,0,0,0,0,0,0
FFToday,Devon Maye,RB,GB,6,0,0,0,62.559,0.643,0.727,0,2.398,26.78,0.143,0,0,0,0,0,0,0,0,0,0,0,0,0,0,0
NumberFire,Devon Maye,RB,GB,6,0,0,0,82.791,0.672,0.828,0,2.878,20.677,0.098,0,0,0,0,0,0,0,0,0,0,0,0,0,0,0
NFL,Devon Maye,RB,GB,6,0,0,0,60.079,0.579,0.765,0,2.08,22.806,0.113,0,0,0,0,0,0,0,0,0,0,0,0,0,0,0
CBS,Ladd Hall,RB,DET,5,0,0,0,67.609,0.555,0.737,0,2.456,20.743,0.085,0,0,0,0,0,0,0,0,0,0,0,0,0,0,0
ESPN,Ladd Hall,RB,DET,5,0,0,0,66.359,0.657,0.86,0,1.677,15.471,0.124,0,0,0,0,0,0,0,0,0,0,0,0,0,0,0
FantasyPros,Ladd Hall,RB,DET,5,0,0,0,54.617,0.563,0.827,0,2.022,21.156,0.072,0,0,0,0,0,0,0,0,0,0,0,0,0,0,0
FFToday,Ladd Hall,RB,DET,5,0,0,0,50.027,0.386,0.841,0,2.454,22.043,0.12,0,0,0,0,0,0,0,0,0,0,0,0,0,0,0
NumberFire,Ladd Hall,RB,DET,5,0,0,0,74.895,0.536,0.772,0,2.588,19.767,0.099,0,0,0,0,0,0,0,0,0,0,0,0,0,0,0
NFL,Ladd Hall,RB,DET,5,0,0,0,66.284,0.469,0.756,0,2.193,22.844,0.121,0,0,0,0,0,0,0,0,0,0,0,0,0,0,0
CBS,Grant Thomas,RB,IND,8,0,0,0,49.804,0.519,0.731,0,1.441,17.255,0.102,0,0,0,0,0,0,0,0,0,0,0,0,0,0,0
ESPN,Grant Thomas,RB,IND,8,0,0,0,53.497,0.434,0.72,0,2.316,17.2,0.103,0,0,0,0,0,0,0,0,0,0,0,0,0,0,0
FantasyPros,Grant Thomas,RB,IND,8,0,0,0,69.659,0.46,0.679,0,2.152,18.41,0.082,0,0,0,0,0,0,0,0,0,0,0,0,0,0,0
FFToday,Grant Thomas,RB,IND,8,0,0,0,47.567,0.449,0.934,0,2.247,18.691,0.074,0,0,0,0,0,0,0,0,0,0,0,0,0,0,0
NumberFire,Grant Thomas,RB,IND,8,0,0,0,70.16,0.414,0.939,0,2.097,15.515,0.115,0,0,0,0,0,0,0,0,0,0,0,0,0,0,0
NFL,Grant Thomas,RB,IND,8,0,0,0,64.159,0.509,0.766,0,1.547,21.408,0.099,0,0,0,0,0,0,0,0,0,0,0,0,0,0,0
CBS,Jonathon Corum,RB,IND,8,0,0,0,50.865,0.457,0.785,0,2.058,16.222,0.076,0,0,0,0,0,0,0,0,0,0,0,0,0,0,0
ESPN,Jonathon Corum,RB,IND,8,0,0,0,40.875,0.487,0.785,0,1.803,13.081,0.075,0,0,0,0,0,0,0,0,0,0,0,0,0,0,0
FantasyPros,Jonathon Corum,RB,IND,8,0,0,0,40.213,0.467,0.734,0,2.152,17.091,0.076,0,0,0,0,0,0,0,0,0,0,0,0,0,0,0
FFToday,Jonathon Corum,RB,IND,8,0,0,0,51.745,0.506,0.766,0,2.442,15.658,0.086,0,0,0,0,0,0,0,0,0,0,0,0,0,0,0
NumberFire,Jonathon Corum,RB,IND,8,0,0,0,54.799,0.362,0.827,0,2.27,14.255,0.07,0,0,0,0,0,0,0,0,0,0,0,0,0,0,0
NFL,Jonathon Corum,RB,IND,8,0,0,0,51.868,0.495,0.694,0,2.665,14.887,0.095,0,0,0,0,0,0,0,0,0,0,0,0,0,0,0
CBS,Javon Hall,RB,LAR,12,0,0,0,44.124,0.363,0.483,0,2.001,13.55,0.078,0,0,0,0,0,0,0,0,0,0,0,0,0,0,0
ESPN,Javon Hall,RB,LAR,12,0,0,0,40.177,0.352,0.794,0,1.884,14.817,0.075,0,0,0,0,0,0,0,0,0,0,0,0,0,0,0
FantasyPros,Javon Hall,RB,LAR,12,0,0,0,49.691,0.32,0.768,0,1.681,13.349,0.09,0,0,0,0,0,0,0,0,0,0,0,0,0,0,0
FFToday,Javon Hall,RB,LAR,12,0,0,0,33.191,0.403,0.639,0,2.134,14.508,0.086,0,0,0,0,0,0,0,0,0,0,0,0,0,0,0
NumberFire,Javon Hall,RB,LAR,12,0,0,0,43.713,0.401,0.591,0,1.929,16.456,0.076,0,0,0,0,0,0,0,0,0,0,0,0,0,0,0
NFL,Javon Hall,RB,LAR,12,0,0,0,46.347,0.406,0.54,0,1.799,14.921,0.082,0,0,0,0,0,0,0,0,0,0,0,0,0,0,0
CBS,Tyreek McConkey,RB,DAL,13,0,0,0,49.028,0.346,0.734,0,1.742,12.836,0.077,0,0,0,0,0,0,0,0,0,0,0,0,0,0,0
ESPN,Tyreek McConkey,RB,DAL,13,0,0,0,24.745,0.349,0.866,0,1.517,12.682,0.08,0,0,0,0,0,0,0,0,0,0,0,0,0,0,0
FantasyPros,Tyreek McConkey,RB,DAL,13,0,0,0,37.888,0.296,0.652,0,1.882,13.259,0.089,0,0,0,0,0,0,0,0,0,0,0,0,0,0,0
FFToday,Tyreek McConkey,RB,DAL,13,0,0,0,46.24,0.429,0.631,0,1.522,9.795,0.063,0,0,0,0,0,0,0,0,0,0,0,0,0,0,0
NumberFire,Tyreek McConkey,RB,DAL,13,0,0,0,30.351,0.348,0.73,0,1.396,13.251,0.074,0,0,0,0,0,0,0,0,0,0,0,0,0,0,0
NFL,Tyreek McConkey,RB,DAL,13,0,0,0,40.523,0.281,0.666,0,1.309,12.266,0.073,0,0,0,0,0,0,0,0,0,0,0,0,0,0,0
CBS,Caleb Bowers,RB,CIN,11,0,0,0,42.273,0.257,0.695,0,1.674,12.313,0.075,0,0,0,0,0,0,0,0,0,0,0,0,0,0,0
ESPN,Caleb Bowers,RB,CIN,11,0,0,0,30.244,0.312,0.532,0,1.506,12.874,0.065,0,0,0,0,0,0,0,0,0,0,0,0,0,0,0
FantasyPros,Caleb Bowers,RB,CIN,11,0,0,0,44.615,0.36,0.652,0,1.46,10.495,0.06,0,0,0,0,0,0,0,0,0,0,0,0,0,0,0
FFToday,Caleb Bowers,RB,CIN,11,0,0,0,46.225,0.228,0.641,0,1.565,10.154,0.091,0,0,0,0,0,0,0,0,0,0,0,0,0,0,0
NumberFire,Caleb Bowers,RB,CIN,11,0,0,0,40.161,0.363,0.721,0,1.405,11.971,0.047,0,0,0,0,0,0,0,0,0,0,0,0,0,0,0
NFL,Caleb Bowers,RB,CIN,11,0,0,0,42.16,0.294,0.821,0,1.399,12.934,0.069,0,0,0,0,0,0,0,0,0,0,0,0,0,0,0
CBS,Ainias Adams,RB,CIN,11,0,0,0,38.861,0.247,0.713,0,1.249,8.881,0.057,0,0,0,0,0,0,0,0,0,0,0,0,0,0,0
ESPN,Ainias Adams,RB,CIN,11,0,0,0,31.531,0.255,0.848,0,0.917,7.546,0.068,0,0,0,0,0,0,0,0,0,0,0,0,0,0,0
FantasyPros,Ainias Adams,RB,CIN,11,0,0,0,26.989,0.26,0.635,0,1.158,12.099,0.059,0,0,0,0,0,0,0,0,0,0,0,0,0,0,0
FFToday,Ainias Adams,RB,CIN,11,0,0,0,31.9,0.219,0.676,0,1.559,10.095,0.055,0,0,0,0,0,0,0,0,0,0,0,0,0,0,0
NumberFire,Ainias Adams,RB,CIN,11,0,0,0,28.501,0.313,0.651,0,1.064,10.888,0.047,0,0,0,0,0,0,0,0,0,0,0,0,0,0,0
NFL,Ainias Adams,RB,CIN,11,0,0,0,34.916,0.209,0.88,0,1.091,12.518,0.062,0,0,0,0,0,0,0,0,0,0,0,0,0,0,0
CBS,Theo Worthy,RB,NO,7,0,0,0,33.459,0.198,0.544,0,1.026,7.45,0.051,0,0,0,0,0,0,0,0,0,0,0,0,0,0,0
ESPN,Theo Worthy,RB,NO,7,0,0,0,25.76,0.207,0.71,0,1.256,8.698,0.043,0,0,0,0,0,0,0,0,0,0,0,0,0,0,0
FantasyPros,Theo Worthy,RB,NO,7,0,0,0,32.292,0.261,0.898,0,1.016,10.429,0.041,0,0,0,0,0,0,0,0,0,0,0,0,0,0,0
FFToday,Theo Worthy,RB,NO,7,0,0,0,26.205,0.27,0.709,0,1.46,10.103,0.057,0,0,0,0,0,0,0,0,0,0,0,0,0,0,0
NumberFire,Theo Worthy,RB,NO,7,0,0,0,24.942,0.161,0.967,0,1.052,5.73,0.051,0,0,0,0,0,0,0,0,0,0,0,0,0,0,0
NFL,Theo Worthy,RB,NO,7,0,0,0,26.929,0.296,0.719,0,1.062,11.104,0.059,0,0,0,0,0,0,0,0,0,0,0,0,0,0,0
CBS,Keon Allen,RB,CIN,11,0,0,0,36.922,0.2,0.564,0,1.109,8.675,0.045,0,0,0,0,0,0,0,0,0,0,0,0,0,0,0
ESPN,Keon Allen,RB,CIN,11,0,0,0,20.878,0.143,0.824,0,1.117,9.655,0.049,0,0,0,0,0,0,0,0,0,0,0,0,0,0,0
FantasyPros,Keon Allen,RB,CIN,11,0,0,0,23.552,0.17,0.627,0,0.877,8.788,0.039,0,0,0,0,0,0,0,0,0,0,0,0,0,0,0
FFToday,Keon Allen,RB,CIN,11,0,0,0,20.495,0.229,0.756,0,1.094,8.984,0.045,0,0,0,0,0,0,0,0,0,0,0,0,0,0,0
NumberFire,Keon Allen,RB,CIN,11,0,0,0,34.46,0.231,0.768,0,1.079,7.344,0.043,0,0,0,0,0,0,0,0,0,0,0,0,0,0,0
NFL,Keon Allen,RB,CIN,11,0,0,0,24.402,0.196,0.7,0,1.123,9.088,0.033,0,0,0,0,0,0,0,0,0,0,0,0,0,0,0
CBS,Ricky Brown,RB,LAR,12,0,0,0,21.275,0.177,0.721,0,0.69,6.875,0.036,0,0,0,0,0,0,0,0,0,0,0,0,0,0,0
ESPN,Ricky Brown,RB,LAR,12,0,0,0,21.58,0.198,0.631,0,0.978,5.378,0.04,0,0,0,0,0,0,0,0,0,0,0,0,0,0,0
FantasyPros,Ricky Brown,RB,LAR,12,0,0,0,19.535,0.2,0.779,0,0.966,7.204,0.052,0,0,0,0,0,0,0,0,0,0,0,0,0,0,0
FFToday,Ricky Brown,RB,LAR,12,0,0,0,23.846,0.208,0.894,0,0.871,9.15,0.038,0,0,0,0,0,0,0,0,0,0,0,0,0,0,0
NumberFire,Ricky Brown,RB,LAR,12,0,0,0,23.849,0.238,0.62,0,0.737,8.296,0.05,0,0,0,0,0,0,0,0,0,0,0,0,0,0,0
NFL,Ricky Brown,RB,LAR,12,0,0,0,21.581,0.242,0.748,0,1.04,6.187,0.046,0,0,0,0,0,0,0,0,0,0,0,0,0,0,0
CBS,Puka Bowers,RB,LV,13,0,0,0,21.454,0.188,0.828,0,0.695,6.257,0.036,0,0,0,0,0,0,0,0,0,0,0,0,0,0,0
ESPN,Puka Bowers,RB,LV,13,0,0,0,25.09,0.148,0.668,0,0.762,6.163,0.04,0,0,0,0,0,0,0,0,0,0,0,0,0,0,0
FantasyPros,Puka Bowers,RB,LV,13,0,0,0,20.967,0.158,0.858,0,0.639,6.609,0.039,0,0,0,0,0,0,0,0,0,0,0,0,0,0,0
FFToday,Puka Bowers,RB,LV,13,0,0,0,18.02,0.172,0.77,0,0.676,8.059,0.033,0,0,0,0,0,0,0,0,0,0,0,0,0,0,0
NumberFire,Puka Bowers,RB,LV,13,0,0,0,24.672,0.199,0.891,0,0.641,7.562,0.036,0,0,0,0,0,0,0,0,0,0,0,0,0,0,0
NFL,Puka Bowers,RB,LV,13,0,0,0,16.363,0.183,0.555,0,0.906,8.48,0.032,0,0,0,0,0,0,0,0,0,0,0,0,0,0,0
CBS,Jayden Brown,RB,LAC,11,0,0,0,19.008,0.125,0.531,0,0.619,4.761,0.025,0,0,0,0,0,0,0,0,0,0,0,0,0,0,0
ESPN,Jayden Brown,RB,LAC,11,0,0,0,18.8,0.146,0.706,0,0.812,7.051,0.038,0,0,0,0,0,0,0,0,0,0,0,0,0,0,0
FantasyPros,Jayden Brown,RB,LAC,11,0,0,0,18.071,0.155,0.8,0,0.671,5.142,0.031,0,0,0,0,0,0,0,0,0,0,0,0,0,0,0
FFToday,Jayden Brown,RB,LAC,11,0,0,0,16.966,0.143,0.674,0,0.391,6.183,0.042,0,0,0,0,0,0,0,0,0,0,0,0,0,0,0
NumberFire,Jayden Brown,RB,LAC,11,0,0,0,18.857,0.15,0.761,0,0.705,4.319,0.039,0,0,0,0,0,0,0,0,0,0,0,0,0,0,0
NFL,Jayden Brown,RB,LAC,11,0,0,0,17.73,0.141,0.578,0,0.696,4.281,0.029,0,0,0,0,0,0,0,0,0,0,0,0,0,0,0
CBS,Roman McConkey,RB,ARI,5,0,0,0,16.17,0.158,0.812,0,0.618,6.041,0.026,0,0,0,0,0,0,0,0,0,0,0,0,0,0,0
ESPN,Roman McConkey,RB,ARI,5,0,0,0,21.872,0.137,0.624,0,0.624,6.055,0.034,0,0,0,0,0,0,0,0,0,0,0,0,0,0,0
FantasyPros,Roman McConkey,RB,ARI,5,0,0,0,18.842,0.155,0.779,0,0.63,6.39,0.032,0,0,0,0,0,0,0,0,0,0,0,0,0,0,0
FFToday,Roman McConkey,RB,ARI,5,0,0,0,14.823,0.14,0.839,0,0.733,5.358,0.031,0,0,0,0,0,0,0,0,0,0,0,0,0,0,0
NumberFire,Roman McConkey,RB,ARI,5,0,0,0,13.674,0.123,0.745,0,0.569,5.052,0.032,0,0,0,0,0,0,0,0,0,0,0,0,0,0,0
NFL,Roman McConkey,RB,ARI,5,0,0,0,18.182,0.169,0.793,0,0.766,5.39,0.027,0,0,0,0,0,0,0,0,0,0,0,0,0,0,0
CBS,Marcus Adams,RB,PIT,11,0,0,0,12.848,0.116,0.66,0,0.613,3.66,0.028,0,0,0,0,0,0,0,0,0,0,0,0,0,0,0
ESPN,Marcus Adams,RB,PIT,11,0,0,0,12.501,0.12,0.79,0,0.74,4.638,0.029,0,0,0,0,0,0,0,0,0,0,0,0,0,0,0
FantasyPros,Marcus Adams,RB,PIT,11,0,0,0,15.715,0.106,0.791,0,0.609,4.893,0.036,0,0,0,0,0,0,0,0,0,0,0,0,0,0,0
FFToday,Marcus Adams,RB,PIT,11,0,0,0,18.438,0.136,0.712,0,0.492,4.532,0.027,0,0,0,0,0,0,0,0,0,0,0,0,0,0,0
NumberFire,Marcus Adams,RB,PIT,11,0,0,0,13.808,0.113,0.787,0,0.664,5.684,0.03,0,0,0,0,0,0,0,0,0,0,0,0,0,0,0
NFL,Marcus Adams,RB,PIT,11,0,0,0,17.118,0.084,0.782,0,0.591,5.127,0.026,0,0,0,0,0,0,0,0,0,0,0,0,0,0,0
CBS,Brock Jefferson,RB,CIN,11,0,0,0,12.574,0.086,0.814,0,0.542,3.93,0.022,0,0,0,0,0,0,0,0,0,0,0,0,0,0,0
ESPN,Brock Jefferson,RB,CIN,11,0,0,0,14.911,0.088,0.615,0,0.516,4.712,0.026,0,0,0,0,0,0,0,0,0,0,0,0,0,0,0
FantasyPros,Brock Jefferson,RB,CIN,11,0,0,0,12.865,0.13,0.654,0,0.596,5.375,0.024,0,0,0,0,0,0,0,0,0,0,0,0,0,0,0
FFToday,Brock Jefferson,RB,CIN,11,0,0,0,13.142,0.118,0.719,0,0.648,4.767,0.025,0,0,0,0,0,0,0,0,0,0,0,0,0,0,0
NumberFire,Brock Jefferson,RB,CIN,11,0,0,0,15.146,0.096,0.66,0,0.356,4.753,0.029,0,0,0,0,0,0,0,0,0,0,0,0,0,0,0
NFL,Brock Jefferson,RB,CIN,11,0,0,0,12.913,0.112,0.737,0,0.571,3.993,0.015,0,0,0,0,0,0,0,0,0,0,0,0,0,0,0
CBS,Bijan Carter,RB,MIA,14,0,0,0,12.798,0.098,0.559,0,0.374,4.085,0.025,0,0,0,0,0,0,0,0,0,0,0,0,0,0,0
ESPN,Bijan Carter,RB,MIA,14,0,0,0,12.421,0.094,0.768,0,0.436,4.467,0.02,0,0,0,0,0,0,0,0,0,0,0,0,0,0,0
FantasyPros,Bijan Carter,RB,MIA,14,0,0,0,11.832,0.1,0.768,0,0.466,4.368,0.024,0,0,0,0,0,0,0,0,0,0,0,0,0,0,0
FFToday,Bijan Carter,RB,MIA,14,0,0,0,12.058,0.096,0.824,0,0.503,4.903,0.022,0,0,0,0,0,0,0,0,0,0,0,0,0,0,0
NumberFire,Bijan Carter,RB,MIA,14,0,0,0,12.697,0.091,0.641,0,0.532,4.598,0.026,0,0,0,0,0,0,0,0,0,0,0,0,0,0,0
NFL,Bijan Carter,RB,MIA,14,0,0,0,9.495,0.074,0.641,0,0.593,5.132,0.02,0,0,0,0,0,0,0,0,0,0,0,0,0,0,0
CBS,Puka Shipley,RB,NO,7,0,0,0,11.753,0.084,0.772,0,0.496,4.158,0.025,0,0,0,0,0,0,0,0,0,0,0,0,0,0,0
ESPN,Puka Shipley,RB,NO,7,0,0,0,9.686,0.076,0.459,0,0.334,3.189,0.017,0,0,0,0,0,0,0,0,0,0,0,0,0,0,0
FantasyPros,Puka Shipley,RB,NO,7,0,0,0,9.406,0.083,0.65,0,0.401,3.88,0.022,0,0,0,0,0,0,0,0,0,0,0,0,0,0,0
FFToday,Puka Shipley,RB,NO,7,0,0,0,11.231,0.091,0.46,0,0.451,2.749,0.019,0,0,0,0,0,0,0,0,0,0,0,0,0,0,0
NumberFire,Puka Shipley,RB,NO,7,0,0,0,13.065,0.104,0.722,0,0.369,3.641,0.027,0,0,0,0,0,0,0,0,0,0,0,0,0,0,0
NFL,Puka Shipley,RB,NO,7,0,0,0,10.853,0.086,0.728,0,0.442,3.613,0.019,0,0,0,0,0,0,0,0,0,0,0,0,0,0,0
CBS,Deven Allen,RB,BAL,7,0,0,0,9.178,0.085,1.009,0,0.409,3.795,0.017,0,0,0,0,0,0,0,0,0,0,0,0,0,0,0
ESPN,Deven Allen,RB,BAL,7,0,0,0,8.942,0.071,0.739,0,0.309,4.216,0.017,0,0,0,0,0,0,0,0,0,0,0,0,0,0,0
FantasyPros,Deven Allen,RB,BAL,7,0,0,0,11.476,0.088,0.684,0,0.457,2.601,0.018,0,0,0,0,0,0,0,0,0,0,0,0,0,0,0
FFToday,Deven Allen,RB,BAL,7,0,0,0,9.594,0.072,0.799,0,0.308,2.545,0.017,0,0,0,0,0,0,0,0,0,0,0,0,0,0,0
NumberFire,Deven Allen,RB,BAL,7,0,0,0,10.814,0.073,0.675,0,0.371,3.317,0.015,0,0,0,0,0,0,0,0,0,0,0,0,0,0,0
NFL,Deven Allen,RB,BAL,7,0,0,0,10.314,0.077,0.788,0,0.368,2.994,0.02,0,0,0,0,0,0,0,0,0,0,0,0,0,0,0
CBS,Audric Shipley,RB,IND,8,0,0,0,8.344,0.089,0.934,0,0.336,2.756,0.017,0,0,0,0,0,0,0,0,0,0,0,0,0,0,0
ESPN,Audric Shipley,RB,IND,8,0,0,0,7.451,0.053,0.468,0,0.314,3.229,0.016,0,0,0,0,0,0,0,0,0,0,0,0,0,0,0
FantasyPros,Audric Shipley,RB,IND,8,0,0,0,7.818,0.083,0.807,0,0.327,2.736,0.017,0,0,0,0,0,0,0,0,0,0,0,0,0,0,0
FFToday,Audric Shipley,RB,IND,8,0,0,0,9.742,0.078,0.751,0,0.476,2.89,0.015,0,0,0,0,0,0,0,0,0,0,0,0,0,0,0
NumberFire,Audric Shipley,RB,IND,8,0,0,0,10.181,0.088,0.658,0,0.334,2.889,0.014,0,0,0,0,0,0,0,0,0,0,0,0,0,0,0
NFL,Audric Shipley,RB,IND,8,0,0,0,8.525,0.071,0.788,0,0.414,2.858,0.011,0,0,0,0,0,0,0,0,0,0,0,0,0,0,0
CBS,Ainias Nabers,RB,SEA,12,0,0,0,8.07,0.057,0.742,0,0.29,1.581,0.017,0,0,0,0,0,0,0,0,0,0,0,0,0,0,0
ESPN,Ainias Nabers,RB,SEA,12,0,0,0,7.922,0.078,0.588,0,0.312,2.251,0.013,0,0,0,0,0,0,0,0,0,0,0,0,0,0,0
FantasyPros,Ainias Nabers,RB,SEA,12,0,0,0,9.64,0.067,0.638,0,0.3,2.755,0.015,0,0,0,0,0,0,0,0,0,0,0,0,0,0,0
FFToday,Ainias Nabers,RB,SEA,12,0,0,0,6.532,0.04,0.59,0,0.333,2.374,0.012,0,0,0,0,0,0,0,0,0,0,0,0,0,0,0
NumberFire,Ainias Nabers,RB,SEA,12,0,0,0,10.278,0.072,0.557,0,0.307,2.597,0.013,0,0,0,0,0,0,0,0,0,0,0,0,0,0,0
NFL,Ainias Nabers,RB,SEA,12,0,0,0,6.673,0.059,0.763,0,0.378,3.046,0.014,0,0,0,0,0,0,0,0,0,0,0,0,0,0,0
CBS,Keon McConkey,RB,NYG,8,0,0,0,7.086,0.062,0.629,0,0.217,1.615,0.014,0,0,0,0,0,0,0,0,0,0,0,0,0,0,0
ESPN,Keon McConkey,RB,NYG,8,0,0,0,5.979,0.063,0.637,0,0.363,2.6,0.013,0,0,0,0,0,0,0,0,0,0,0,0,0,0,0
FantasyPros,Keon McConkey,RB,NYG,8,0,0,0,6.433,0.053,0.689,0,0.273,2.109,0.01,0,0,0,0,0,0,0,0,0,0,0,0,0,0,0
FFToday,Keon McConkey,RB,NYG,8,0,0,0,7.387,0.069,0.706,0,0.295,2.512,0.014,0,0,0,0,0,0,0,0,0,0,0,0,0,0,0
NumberFire,Keon McConkey,RB,NYG,8,0,0,0,8.065,0.068,0.593,0,0.256,1.865,0.013,0,0,0,0,0,0,0,0,0,0,0,0,0,0,0
NFL,Keon McConkey,RB,NYG,8,0,0,0,7.525,0.07,0.75,0,0.223,2.55,0.012,0,0,0,0,0,0,0,0,0,0,0,0,0,0,0
CBS,Tank Maye,RB,NYJ,9,0,0,0,6.405,0.062,0.69,0,0.248,2.227,0.01,0,0,0,0,0,0,0,0,0,0,0,0,0,0,0
ESPN,Tank Maye,RB,NYJ,9,0,0,0,6.831,0.043,0.745,0,0.27,2.1,0.009,0,0,0,0,0,0,0,0,0,0,0,0,0,0,0
FantasyPros,Tank Maye,RB,NYJ,9,0,0,0,7.542,0.037,0.649,0,0.308,2.367,0.012,0,0,0,0,0,0,0,0,0,0,0,0,0,0,0
FFToday,Tank Maye,RB,NYJ,9,0,0,0,6.96,0.049,0.744,0,0.161,2.092,0.011,0,0,0,0,0,0,0,0,0,0,0,0,0,0,0
NumberFire,Tank Maye,RB,NYJ,9,0,0,0,6.096,0.062,0.609,0,0.322,1.931,0.012,0,0,0,0,0,0,0,0,0,0,0,0,0,0,0
NFL,Tank Maye,RB,NYJ,9,0,0,0,7.064,0.049,0.645,0,0.251,1.787,0.011,0,0,0,0,0,0,0,0,0,0,0,0,0,0,0
CBS,Grant Spears,RB,BUF,8,0,0,0,5.551,0.059,0.841,0,0.225,1.928,0.012,0,0,0,0,0,0,0,0,0,0,0,0,0,0,0
ESPN,Grant Spears,RB,BUF,8,0,0,0,6.124,0.041,0.66,0,0.233,1.803,0.011,0,0,0,0,0,0,0,0,0,0,0,0,0,0,0
FantasyPros,Grant Spears,RB,BUF,8,0,0,0,6.066,0.036,0.676,0,0.248,2.105,0.011,0,0,0,0,0,0,0,0,0,0,0,0,0,0,0
FFToday,Grant Spears,RB,BUF,8,0,0,0,5.817,0.047,0.626,0,0.254,1.671,0.008,0,0,0,0,0,0,0,0,0,0,0,0,0,0,0
NumberFire,Grant Spears,RB,BUF,8,0,0,0,4.801,0.039,0.695,0,0.199,2.337,0.009,0,0,0,0,0,0,0,0,0,0,0,0,0,0,0
NFL,Grant Spears,RB,BUF,8,0,0,0,6.256,0.048,0.669,0,0.302,1.735,0.011,0,0,0,0,0,0,0,0,0,0,0,0,0,0,0
CBS,Tank Daniels,RB,ATL,6,0,0,0,5.813,0.042,0.501,0,0.169,1.505,0.01,0,0,0,0,0,0,0,0,0,0,0,0,0,0,0
ESPN,Tank Daniels,RB,ATL,6,0,0,0,6.254,0.048,0.814,0,0.215,2.234,0.009,0,0,0,0,0,0,0,0,0,0,0,0,0,0,0
FantasyPros,Tank Daniels,RB,ATL,6,0,0,0,5.379,0.05,0.638,0,0.232,1.223,0.01,0,0,0,0,0,0,0,0,0,0,0,0,0,0,0
FFToday,Tank Daniels,RB,ATL,6,0,0,0,4.98,0.041,0.45,0,0.165,2.009,0.009,0,0,0,0,0,0,0,0,0,0,0,0,0,0,0
NumberFire,Tank Daniels,RB,ATL,6,0,0,0,3.952,0.054,0.932,0,0.216,1.424,0.009,0,0,0,0,0,0,0,0,0,0,0,0,0,0,0
NFL,Tank Daniels,RB,ATL,6,0,0,0,4.99,0.045,0.732,0,0.169,1.663,0.008,0,0,0,0,0,0,0,0,0,0,0,0,0,0,0
CBS,Theo Nabers,RB,LV,13,0,0,0,4.829,0.038,0.814,0,0.16,1.454,0.011,0,0,0,0,0,0,0,0,0,0,0,0,0,0,0
ESPN,Theo Nabers,RB,LV,13,0,0,0,4.119,0.05,0.672,0,0.173,1.29,0.01,0,0,0,0,0,0,0,0,0,0,0,0,0,0,0
FantasyPros,Theo Nabers,RB,LV,13,0,0,0,3.782,0.056,0.666,0,0.135,1.531,0.011,0,0,0,0,0,0,0,0,0,0,0,0,0,0,0
FFToday,Theo Nabers,RB,LV,13,0,0,0,3.384,0.033,0.831,0,0.184,1.388,0.009,0,0,0,0,0,0,0,0,0,0,0,0,0,0,0
NumberFire,Theo Nabers,RB,LV,13,0,0,0,4.133,0.034,0.742,0,0.148,1.76,0.009,0,0,0,0,0,0,0,0,0,0,0,0,0,0,0
NFL,Theo Nabers,RB,LV,13,0,0,0,4.175,0.035,0.597,0,0.21,1.809,0.006,0,0,0,0,0,0,0,0,0,0,0,0,0,0,0
CBS,Roman Allen,RB,MIA,14,0,0,0,4.306,0.038,0.604,0,0.169,1.297,0.008,0,0,0,0,0,0,0,0,0,0,0,0,0,0,0
ESPN,Roman Allen,RB,MIA,14,0,0,0,2.965,0.032,0.701,0,0.172,1.563,0.01,0,0,0,0,0,0,0,0,0,0,0,0,0,0,0
FantasyPros,Roman Allen,RB,MIA,14,0,0,0,3.939,0.033,0.589,0,0.157,1.07,0.008,0,0,0,0,0,0,0,0,0,0,0,0,0,0,0
FFToday,Roman Allen,RB,MIA,14,0,0,0,4.263,0.04,0.677,0,0.16,1.405,0.007,0,0,0,0,0,0,0,0,0,0,0,0,0,0,0
NumberFire,Roman Allen,RB,MIA,14,0,0,0,4.065,0.032,0.517,0,0.183,1.41,0.005,0,0,0,0,0,0,0,0,0,0,0,0,0,0,0
NFL,Roman Allen,RB,MIA,14,0,0,0,3.984,0.024,0.634,0,0.151,1.337,0.007,0,0,0,0,0,0,0,0,0,0,0,0,0,0,0
CBS,Marvin Daniels,WR,ATL,6,0,0,0,38.25,0,0.802,0,94.496,1427.625,8.21,0,0,0,0,0,0,0,0,0,0,0,0,0,0,0
ESPN,Marvin Daniels,WR,ATL,6,0,0,0,43.75,0,0.783,0,97.766,1175.034,9.453,0,0,0,0,0,0,0,0,0,0,0,0,0,0,0
FantasyPros,Marvin Daniels,WR,ATL,6,0,0,0,44.111,0,0.802,0,91.057,1355.207,8.762,0,0,0,0,0,0,0,0,0,0,0,0,0,0,0
FFToday,Marvin Daniels,WR,ATL,6,0,0,0,42.339,0,0.797,0,99.392,1441.63,8.506,0,0,0,0,0,0,0,0,0,0,0,0,0,0,0
NumberFire,Marvin Daniels,WR,ATL,6,0,0,0,41.247,0,0.765,0,98.368,1231.652,9.338,0,0,0,0,0,0,0,0,0,0,0,0,0,0,0
NFL,Marvin Daniels,WR,ATL,6,0,0,0,41.845,0,0.849,0,97.366,1370.928,9.015,0,0,0,0,0,0,0,0,0,0,0,0,0,0,0
CBS,Braelon Adams,WR,HOU,7,0,0,0,38.157,0,0.742,0,93.838,1358.305,8.611,0,0,0,0,0,0,0,0,0,0,0,0,0,0,0
ESPN,Braelon Adams,WR,HOU,7,0,0,0,37.565,0,0.79,0,94.206,1363.87,8.56,0,0,0,0,0,0,0,0,0,0,0,0,0,0,0
FantasyPros,Braelon Adams,WR,HOU,7,0,0,0,36.761,0,0.717,0,93.821,1321.831,8.088,0,0,0,0,0,0,0,0,0,0,0,0,0,0,0
FFToday,Braelon Adams,WR,HOU,7,0,0,0,34.577,0,0.764,0,101.968,1400.13,8.464,0,0,0,0,0,0,0,0,0,0,0,0,0,0,0
NumberFire,Braelon Adams,WR,HOU,7,0,0,0,38.995,0,0.781,0,91.154,1352.122,8.814,0,0,0,0,0,0,0,0,0,0,0,0,0,0,0
NFL,Braelon Adams,WR,HOU,7,0,0,0,35.548,0,0.829,0,85.954,1240.943,9.355,0,0,0,0,0,0,0,0,0,0,0,0,0,0,0
CBS,Rome Pollard,WR,CLE,12,0,0,0,40.017,0,0.766,0,88.018,1165.023,8.591,0,0,0,0,0,0,0,0,0,0,0,0,0,0,0
ESPN,Rome Pollard,WR,CLE,12,0,0,0,35.115,0,0.768,0,92.254,1237.355,7.884,0,0,0,0,0,0,0,0,0,0,0,0,0,0,0
FantasyPros,Rome Pollard,WR,CLE,12,0,0,0,38.032,0,0.754,0,85.073,1320.579,8.555,0,0,0,0,0,0,0,0,0,0,0,0,0,0,0
FFToday,Rome Pollard,WR,CLE,12,0,0,0,39.197,0,0.754,0,91.937,1108.385,8.176,0,0,0,0,0,0,0,0,0,0,0,0,0,0,0
NumberFire,Rome Pollard,WR,CLE,12,0,0,0,38.592,0,0.806,0,93.971,1344.794,8.111,0,0,0,0,0,0,0,0,0,0,0,0,0,0,0
NFL,Rome Pollard,WR,CLE,12,0,0,0,40.495,0,0.783,0,94.263,1221.608,8.212,0,0,0,0,0,0,0,0,0,0,0,0,0,0,0
CBS,Bijan Hill,WR,CLE,12,0,0,0,41.113,0,0.832,0,87.645,1273.412,8.294,0,0,0,0,0,0,0,0,0,0,0,0,0,0,0
ESPN,Bijan Hill,WR,CLE,12,0,0,0,38.632,0,0.643,0,99.381,1262.218,8.699,0,0,0,0,0,0,0,0,0,0,0,0,0,0,0
FantasyPros,Bijan Hill,WR,CLE,12,0,0,0,38.968,0,0.836,0,87.909,1319.222,7.844,0,0,0,0,0,0,0,0,0,0,0,0,0,0,0
FFToday,Bijan Hill,WR,CLE,12,0,0,0,35.417,0,0.744,0,90.337,1153.222,7.205,0,0,0,0,0,0,0,0,0,0,0,0,0,0,0
NumberFire,Bijan Hill,WR,CLE,12,0,0,0,36.125,0,0.79,0,88.301,1272.922,8.093,0,0,0,0,0,0,0,0,0,0,0,0,0,0,0
NFL,Bijan Hill,WR,CLE,12,0,0,0,38.017,0,0.713,0,85.057,1062.878,8.851,0,0,0,0,0,0,0,0,0,0,0,0,0,0,0
CBS,Xzavier Maye,WR,DAL,13,0,0,0,37.166,0,0.845,0,80.555,1260.683,7.729,0,0,0,0,0,0,0,0,0,0,0,0,0,0,0
ESPN,Xzavier Maye,WR,DAL,13,0,0,0,36.524,0,0.74,0,88.582,1023.813,8.381,0,0,0,0,0,0,0,0,0,0,0,0,0,0,0
FantasyPros,Xzavier Maye,WR,DAL,13,0,0,0,35.717,0,0.674,0,82.209,1228.79,7.29,0,0,0,0,0,0,0,0,0,0,0,0,0,0,0
FFToday,Xzavier Maye,WR,DAL,13,0,0,0,34.285,0,0.766,0,84.758,1261.965,7.726,0,0,0,0,0,0,0,0,0,0,0,0,0,0,0
NumberFire,Xzavier Maye,WR,DAL,13,0,0,0,36.656,0,0.771,0,87.287,1269.646,7.204,0,0,0,0,0,0,0,0,0,0,0,0,0,0,0
NFL,Xzavier Maye,WR,DAL,13,0,0,0,35.421,0,0.699,0,86.283,1168.914,7.41,0,0,0,0,0,0,0,0,0,0,0,0,0,0,0
CBS,Devon Spears,WR,MIA,14,0,0,0,34.777,0,0.761,0,91.612,1074.094,7.915,0,0,0,0,0,0,0,0,0,0,0,0,0,0,0
ESPN,Devon Spears,WR,MIA,14,0,0,0,35.119,0,0.699,0,81.08,1058.135,7.013,0,0,0,0,0,0,0,0,0,0,0,0,0,0,0
FantasyPros,Devon Spears,WR,MIA,14,0,0,0,36.5,0,0.715,0,78.502,1139.813,7.42,0,0,0,0,0,0,0,0,0,0,0,0,0,0,0
FFToday,Devon Spears,WR,MIA,14,0,0,0,37.234,0,0.701,0,80.608,1010.638,8.224,0,0,0,0,0,0,0,0,0,0,0,0,0,0,0
NumberFire,Devon Spears,WR,MIA,14,0,0,0,34.795,0,0.72,0,84.091,1151.41,7.923,0,0,0,0,0,0,0,0,0,0,0,0,0,0,0
NFL,Devon Spears,WR,MIA,14,0,0,0,32.371,0,0.785,0,92.984,1239.286,7.736,0,0,0,0,0,0,0,0,0,0,0,0,0,0,0
CBS,Ladd Bigsby,WR,DAL,13,0,0,0,32.593,0,0.669,0,76.43,1019.002,7.793,0,0,0,0,0,0,0,0,0,0,0,0,0,0,0
ESPN,Ladd Bigsby,WR,DAL,13,0,0,0,29.547,0,0.749,0,73.646,1040.921,7.468,0,0,0,0,0,0,0,0,0,0,0,0,0,0,0
FantasyPros,Ladd Bigsby,WR,DAL,13,0,0,0,30.149,0,0.736,0,87.288,1288.203,7.563,0,0,0,0,0,0,0,0,0,0,0,0,0,0,0
FFToday,Ladd Bigsby,WR,DAL,13,0,0,0,34.328,0,0.667,0,79.817,1075.302,8.28,0,0,0,0,0,0,0,0,0,0,0,0,0,0,0
NumberFire,Ladd Bigsby,WR,DAL,13,0,0,0,34.792,0,0.777,0,75.057,1259.185,8.275,0,0,0,0,0,0,0,0,0,0,0,0,0,0,0
NFL,Ladd Bigsby,WR,DAL,13,0,0,0,33.173,0,0.611,0,80.431,1124.238,7.063,0,0,0,0,0,0,0,0,0,0,0,0,0,0,0
CBS,Isaiah Mitchell,WR,NYJ,9,0,0,0,35.057,0,0.71,0,81.69,1154.452,6.801,0,0,0,0,0,0,0,0,0,0,0,0,0,0,0
ESPN,Isaiah Mitchell,WR,NYJ,9,0,0,0,34.406,0,0.843,0,81.774,1149.193,7.191,0,0,0,0,0,0,0,0,0,0,0,0,0,0,0
FantasyPros,Isaiah Mitchell,WR,NYJ,9,0,0,0,30.272,0,0.761,0,86.722,1070.936,7.097,0,0,0,0,0,0,0,0,0,0,0,0,0,0,0
FFToday,Isaiah Mitchell,WR,NYJ,9,0,0,0,36.257,0,0.706,0,82.857,1016.43,7.437,0,0,0,0,0,0,0,0,0,0,0,0,0,0,0
NumberFire,Isaiah Mitchell,WR,NYJ,9,0,0,0,30.603,0,0.744,0,83.175,1107.289,6.799,0,0,0,0,0,0,0,0,0,0,0,0,0,0,0
NFL,Isaiah Mitchell,WR,NYJ,9,0,0,0,31.785,0,0.744,0,77.159,1080.401,6.865,0,0,0,0,0,0,0,0,0,0,0,0,0,0,0
CBS,Javon Coleman,WR,PIT,11,0,0,0,30.858,0,0.683,0,72.284,1069.865,6.995,0,0,0,0,0,0,0,0,0,0,0,0,0,0,0
ESPN,Javon Coleman,WR,PIT,11,0,0,0,28.779,0,0.794,0,81.67,1093.808,6.521,0,0,0,0,0,0,0,0,0,0,0,0,0,0,0
FantasyPros,Javon Coleman,WR,PIT,11,0,0,0,30.754,0,0.719,0,72.849,1100.578,6.218,0,0,0,0,0,0,0,0,0,0,0,0,0,0,0
FFToday,Javon Coleman,WR,PIT,11,0,0,0,32.307,0,0.713,0,80.079,985.27,5.735,0,0,0,0,0,0,0,0,0,0,0,0,0,0,0
NumberFire,Javon Coleman,WR,PIT,11,0,0,0,27.07,0,0.784,0,68.097,1064.434,7.416,0,0,0,0,0,0,0,0,0,0,0,0,0,0,0
NFL,Javon Coleman,WR,PIT,11,0,0,0,32.702,0,0.8,0,81.312,1118.564,6.268,0,0,0,0,0,0,0,0,0,0,0,0,0,0,0
CBS,Malik Brooks,WR,DAL,13,0,0,0,29.37,0,0.702,0,72.531,1024.315,6.285,0,0,0,0,0,0,0,0,0,0,0,0,0,0,0
ESPN,Malik Brooks,WR,DAL,13,0,0,0,33.901,0,0.525,0,68.072,1026.507,6.423,0,0,0,0,0,0,0,0,0,0,0,0,0,0,0
FantasyPros,Malik Brooks,WR,DAL,13,0,0,0,30.095,0,0.685,0,75.918,1029.393,6.708,0,0,0,0,0,0,0,0,0,0,0,0,0,0,0
FFToday,Malik Brooks,WR,DAL,13,0,0,0,31.602,0,0.577,0,76.26,985.244,6.387,0,0,0,0,0,0,0,0,0,0,0,0,0,0,0
NumberFire,Malik Brooks,WR,DAL,13,0,0,0,28.647,0,0.693,0,72.701,926.122,6.263,0,0,0,0,0,0,0,0,0,0,0,0,0,0,0
NFL,Malik Brooks,WR,DAL,13,0,0,0,31.283,0,0.697,0,70.086,1250.93,6.043,0,0,0,0,0,0,0,0,0,0,0,0,0,0,0
CBS,Javon Brooks,WR,ATL,6,0,0,0,26.335,0,0.7,0,72.381,933.426,6.785,0,0,0,0,0,0,0,0,0,0,0,0,0,0,0
ESPN,Javon Brooks,WR,ATL,6,0,0,0,28.333,0,0.714,0,72.76,1074.034,6.044,0,0,0,0,0,0,0,0,0,0,0,0,0,0,0
FantasyPros,Javon Brooks,WR,ATL,6,0,0,0,30.788,0,0.675,0,64.521,889.238,6.679,0,0,0,0,0,0,0,0,0,0,0,0,0,0,0
FFToday,Javon Brooks,WR,ATL,6,0,0,0,31.049,0,0.668,0,73.935,1134.929,6.863,0,0,0,0,0,0,0,0,0,0,0,0,0,0,0
NumberFire,Javon Brooks,WR,ATL,6,0,0,0,30.017,0,0.702,0,67.097,967.035,5.64,0,0,0,0,0,0,0,0,0,0,0,0,0,0,0
NFL,Javon Brooks,WR,ATL,6,0,0,0,31.37,0,0.631,0,80.295,1027.943,6.206,0,0,0,0,0,0,0,0,0,0,0,0,0,0,0
CBS,Jayden Harrison,WR,PHI,10,0,0,0,30.288,0,0.752,0,71.227,913.868,6.037,0,0,0,0,0,0,0,0,0,0,0,0,0,0,0
ESPN,Jayden Harrison,WR,PHI,10,0,0,0,30.123,0,0.623,0,68.828,898.758,6.629,0,0,0,0,0,0,0,0,0,0,0,0,0,0,0
FantasyPros,Jayden Harrison,WR,PHI,10,0,0,0,29.189,0,0.702,0,65.731,1100.488,5.523,0,0,0,0,0,0,0,0,0,0,0,0,0,0,0
FFToday,Jayden Harrison,WR,PHI,10,0,0,0,28.362,0,0.778,0,69.657,1002.52,6.495,0,0,0,0,0,0,0,0,0,0,0,0,0,0,0
NumberFire,Jayden Harrison,WR,PHI,10,0,0,0,24.66,0,0.658,0,64.992,1047.92,5.856,0,0,0,0,0,0,0,0,0,0,0,0,0,0,0
NFL,Jayden Harrison,WR,PHI,10,0,0,0,27.72,0,0.72,0,64.09,1008.743,5.851,0,0,0,0,0,0,0,0,0,0,0,0,0,0,0
CBS,Rashee Brooks,WR,JAX,9,0,0,0,27.786,0,0.686,0,61.303,916.592,5.803,0,0,0,0,0,0,0,0,0,0,0,0,0,0,0
ESPN,Rashee Brooks,WR,JAX,9,0,0,0,25.214,0,0.659,0,77.633,959.835,5.987,0,0,0,0,0,0,0,0,0,0,0,0,0,0,0
FantasyPros,Rashee Brooks,WR,JAX,9,0,0,0,26.032,0,0.848,0,66.041,1060.66,6.022,0,0,0,0,0,0,0,0,0,0,0,0,0,0,0
FFToday,Rashee Brooks,WR,JAX,9,0,0,0,20.504,0,0.584,0,62.665,876.055,5.857,0,0,0,0,0,0,0,0,0,0,0,0,0,0,0
NumberFire,Rashee Brooks,WR,JAX,9,0,0,0,28.208,0,0.634,0,72.925,862.822,5.574,0,0,0,0,0,0,0,0,0,0,0,0,0,0,0
NFL,Rashee Brooks,WR,JAX,9,0,0,0,31.873,0,0.773,0,64.243,973.784,4.804,0,0,0,0,0,0,0,0,0,0,0,0,0,0,0
CBS,Puka Odunze,WR,TEN,5,0,0,0,29.075,0,0.708,0,55.733,911.219,5.088,0,0,0,0,0,0,0,0,0,0,0,0,0,0,0
ESPN,Puka Odunze,WR,TEN,5,0,0,0,24.963,0,0.583,0,69.377,979.428,5.715,0,0,0,0,0,0,0,0,0,0,0,0,0,0,0
FantasyPros,Puka Odunze,WR,TEN,5,0,0,0,24.803,0,0.714,0,70.212,895.357,5.688,0,0,0,0,0,0,0,0,0,0,0,0,0,0,0
FFToday,Puka Odunze,WR,TEN,5,0,0,0,29.788,0,0.583,0,66.667,940.925,6.379,0,0,0,0,0,0,0,0,0,0,0,0,0,0,0
NumberFire,Puka Odunze,WR,TEN,5,0,0,0,23.691,0,0.685,0,77.36,1000.401,5.218,0,0,0,0,0,0,0,0,0,0,0,0,0,0,0
NFL,Puka Odunze,WR,TEN,5,0,0,0,25.712,0,0.736,0,70.871,959.032,4.563,0,0,0,0,0,0,0,0,0,0,0,0,0,0,0
CBS,Malik Hall,WR,CHI,10,0,0,0,24.846,0,0.71,0,60.617,880.63,5.67,0,0,0,0,0,0,0,0,0,0,0,0,0,0,0
ESPN,Malik Hall,WR,CHI,10,0,0,0,26.396,0,0.592,0,67.137,963.753,5.987,0,0,0,0,0,0,0,0,0,0,0,0,0,0,0
FantasyPros,Malik Hall,WR,CHI,10,0,0,0,24.618,0,0.749,0,57.531,904.406,6.06,0,0,0,0,0,0,0,0,0,0,0,0,0,0,0
FFToday,Malik Hall,WR,CHI,10,0,0,0,26.068,0,0.715,0,69.497,762.853,6.329,0,0,0,0,0,0,0,0,0,0,0,0,0,0,0
NumberFire,Malik Hall,WR,CHI,10,0,0,0,25.975,0,0.685,0,66.998,848.612,5.228,0,0,0,0,0,0,0,0,0,0,0,0,0,0,0
NFL,Malik Hall,WR,CHI,10,0,0,0,26.548,0,0.797,0,61.004,873.326,4.789,0,0,0,0,0,0,0,0,0,0,0,0,0,0,0
CBS,Troy Estime,WR,BAL,7,0,0,0,23.586,0,0.69,0,62.349,1006.109,5.309,0,0,0,0,0,0,0,0,0,0,0,0,0,0,0
ESPN,Troy Estime,WR,BAL,7,0,0,0,22.635,0,0.676,0,67.373,866.798,5.448,0,0,0,0,0,0,0,0,0,0,0,0,0,0,0
FantasyPros,Troy Estime,WR,BAL,7,0,0,0,23.249,0,0.669,0,63.904,956.773,4.583,0,0,0,0,0,0,0,0,0,0,0,0,0,0,0
FFToday,Troy Estime,WR,BAL,7,0,0,0,26.13,0,0.692,0,64.683,772.945,5.464,0,0,0,0,0,0,0,0,0,0,0,0,0,0,0
NumberFire,Troy Estime,WR,BAL,7,0,0,0,24.128,0,0.756,0,69.097,924.786,5.575,0,0,0,0,0,0,0,0,0,0,0,0,0,0,0
NFL,Troy Estime,WR,BAL,7,0,0,0,24.338,0,0.668,0,50.276,798.704,5.32,0,0,0,0,0,0,0,0,0,0,0,0,0,0,0
CBS,Jaxon Swift,WR,LAC,11,0,0,0,24.848,0,0.655,0,65.447,663.903,5.571,0,0,0,0,0,0,0,0,0,0,0,0,0,0,0
ESPN,Jaxon Swift,WR,LAC,11,0,0,0,22.39,0,0.603,0,62.518,911.34,5.129,0,0,0,0,0,0,0,0,0,0,0,0,0,0,0
FantasyPros,Jaxon Swift,WR,LAC,11,0,0,0,24.204,0,0.592,0,52.134,916.353,5.259,0,0,0,0,0,0,0,0,0,0,0,0,0,0,0
FFToday,Jaxon Swift,WR,LAC,11,0,0,0,23.826,0,0.554,0,62.675,670.181,5.088,0,0,0,0,0,0,0,0,0,0,0,0,0,0,0
NumberFire,Jaxon Swift,WR,LAC,11,0,0,0,26.243,0,0.73,0,63.289,636.315,5.605,0,0,0,0,0,0,0,0,0,0,0,0,0,0,0
NFL,Jaxon Swift,WR,LAC,11,0,0,0,20.278,0,0.634,0,57.857,749.031,4.772,0,0,0,0,0,0,0,0,0,0,0,0,0,0,0
CBS,Jalen Mason,WR,MIN,5,0,0,0,25.077,0,0.585,0,48.773,698.609,5.551,0,0,0,0,0,0,0,0,0,0,0,0,0,0,0
ESPN,Jalen Mason,WR,MIN,5,0,0,0,24.37,0,0.64,0,56.792,699.422,5.125,0,0,0,0,0,0,0,0,0,0,0,0,0,0,0
FantasyPros,Jalen Mason,WR,MIN,5,0,0,0,23.916,0,0.652,0,57.385,799.561,4.707,0,0,0,0,0,0,0,0,0,0,0,0,0,0,0
FFToday,Jalen Mason,WR,MIN,5,0,0,0,21.542,0,0.752,0,51.615,840.258,4.42,0,0,0,0,0,0,0,0,0,0,0,0,0,0,0
NumberFire,Jalen Mason,WR,MIN,5,0,0,0,21.877,0,0.637,0,55.113,824.513,5.539,0,0,0,0,0,0,0,0,0,0,0,0,0,0,0
NFL,Jalen Mason,WR,MIN,5,0,0,0,24.082,0,0.695,0,48.151,893.7,4.635,0,0,0,0,0,0,0,0,0,0,0,0,0,0,0
CBS,Dylan Mitchell,WR,ARI,5,0,0,0,25.38,0,0.494,0,50.348,853.642,4.37,0,0,0,0,0,0,0,0,0,0,0,0,0,0,0
ESPN,Dylan Mitchell,WR,ARI,5,0,0,0,21.389,0,0.707,0,55.127,739.781,5.673,0,0,0,0,0,0,0,0,0,0,0,0,0,0,0
FantasyPros,Dylan Mitchell,WR,ARI,5,0,0,0,19.538,0,0.727,0,61.412,682.691,5.337,0,0,0,0,0,0,0,0,0,0,0,0,0,0,0
FFToday,Dylan Mitchell,WR,ARI,5,0,0,0,21.581,0,0.598,0,54.34,779.714,4.362,0,0,0,0,0,0,0,0,0,0,0,0,0,0,0
NumberFire,Dylan Mitchell,WR,ARI,5,0,0,0,19.978,0,0.586,0,58.869,823.063,4.587,0,0,0,0,0,0,0,0,0,0,0,0,0,0,0
NFL,Dylan Mitchell,WR,ARI,5,0,0,0,20.698,0,0.602,0,62.953,848.643,4.544,0,0,0,0,0,0,0,0,0,0,0,0,0,0,0
CBS,Jalen Coleman,WR,TEN,5,0,0,0,21.274,0,0.513,0,51.725,875.762,5.192,0,0,0,0,0,0,0,0,0,0,0,0,0,0,0
ESPN,Jalen Coleman,WR,TEN,5,0,0,0,22.812,0,0.665,0,56.291,696.448,4.032,0,0,0,0,0,0,0,0,0,0,0,0,0,0,0
FantasyPros,Jalen Coleman,WR,TEN,5,0,0,0,25.156,0,0.702,0,54.267,851.116,5.176,0,0,0,0,0,0,0,0,0,0,0,0,0,0,0
FFToday,Jalen Coleman,WR,TEN,5,0,0,0,26.062,0,0.73,0,58.583,823.926,5.182,0,0,0,0,0,0,0,0,0,0,0,0,0,0,0
NumberFire,Jalen Coleman,WR,TEN,5,0,0,0,18.977,0,0.626,0,60.866,608.853,4.482,0,0,0,0,0,0,0,0,0,0,0,0,0,0,0
NFL,Jalen Coleman,WR,TEN,5,0,0,0,22.97,0,0.642,0,50.431,812.199,4.67,0,0,0,0,0,0,0,0,0,0,0,0,0,0,0
CBS,Deven Penix,WR,DEN,14,0,0,0,21.601,0,0.554,0,49.94,778.669,3.824,0,0,0,0,0,0,0,0,0,0,0,0,0,0,0
ESPN,Deven Penix,WR,DEN,14,0,0,0,14.772,0,0.568,0,50.96,823.723,4.65,0,0,0,0,0,0,0,0,0,0,0,0,0,0,0
FantasyPros,Deven Penix,WR,DEN,14,0,0,0,18.637,0,0.644,0,56.685,743.778,5.314,0,0,0,0,0,0,0,0,0,0,0,0,0,0,0
FFToday,Deven Penix,WR,DEN,14,0,0,0,22.43,0,0.669,0,54.809,684.924,4.779,0,0,0,0,0,0,0,0,0,0,0,0,0,0,0
NumberFire,Deven Penix,WR,DEN,14,0,0,0,20.37,0,0.644,0,48.367,739.173,4.634,0,0,0,0,0,0,0,0,0,0,0,0,0,0,0
NFL,Deven Penix,WR,DEN,14,0,0,0,18.556,0,0.577,0,43.902,762.411,4.67,0,0,0,0,0,0,0,0,0,0,0,0,0,0,0
CBS,Braelon Thomas,WR,JAX,9,0,0,0,18.415,0,0.683,0,45.953,664.457,4.702,0,0,0,0,0,0,0,0,0,0,0,0,0,0,0
ESPN,Braelon Thomas,WR,JAX,9,0,0,0,23.067,0,0.573,0,53.536,660.676,4.844,0,0,0,0,0,0,0,0,0,0,0,0,0,0,0
FantasyPros,Braelon Thomas,WR,JAX,9,0,0,0,20.59,0,0.517,0,51.019,759.392,4.765,0,0,0,0,0,0,0,0,0,0,0,0,0,0,0
FFToday,Braelon Thomas,WR,JAX,9,0,0,0,22.076,0,0.448,0,53.346,882.179,4.403,0,0,0,0,0,0,0,0,0,0,0,0,0,0,0
NumberFire,Braelon Thomas,WR,JAX,9,0,0,0,19.537,0,0.613,0,59.712,667.693,4.572,0,0,0,0,0,0,0,0,0,0,0,0,0,0,0
NFL,Braelon Thomas,WR,JAX,9,0,0,0,21.645,0,0.595,0,48.651,631.401,4.228,0,0,0,0,0,0,0,0,0,0,0,0,0,0,0
CBS,Xavier Penix,WR,NE,6,0,0,0,21.017,0,0.635,0,45.896,690.263,4.386,0,0,0,0,0,0,0,0,0,0,0,0,0,0,0
ESPN,Xavier Penix,WR,NE,6,0,0,0,18.825,0,0.651,0,56.389,674.522,4.567,0,0,0,0,0,0,0,0,0,0,0,0,0,0,0
FantasyPros,Xavier Penix,WR,NE,6,0,0,0,17.464,0,0.66,0,51.635,741.282,4.954,0,0,0,0,0,0,0,0,0,0,0,0,0,0,0
FFToday,Xavier Penix,WR,NE,6,0,0,0,21.009,0,0.567,0,52.348,704.381,4.769,0,0,0,0,0,0,0,0,0,0,0,0,0,0,0
NumberFire,Xavier Penix,WR,NE,6,0,0,0,22.674,0,0.574,0,48.825,760.728,4.927,0,0,0,0,0,0,0,0,0,0,0,0,0,0,0
NFL,Xavier Penix,WR,NE,6,0,0,0,19.95,0,0.569,0,62.324,653.12,3.542,0,0,0,0,0,0,0,0,0,0,0,0,0,0,0
CBS,Tucker Swift,WR,NO,7,0,0,0,17.497,0,0.591,0,59.926,784.945,4.762,0,0,0,0,0,0,0,0,0,0,0,0,0,0,0
ESPN,Tucker Swift,WR,NO,7,0,0,0,20.794,0,0.66,0,45.265,669.427,3.279,0,0,0,0,0,0,0,0,0,0,0,0,0,0,0
FantasyPros,Tucker Swift,WR,NO,7,0,0,0,17.895,0,0.667,0,45.562,666.602,3.899,0,0,0,0,0,0,0,0,0,0,0,0,0,0,0
FFToday,Tucker Swift,WR,NO,7,0,0,0,17.69,0,0.681,0,52.028,627.59,4.0,0,0,0,0,0,0,0,0,0,0,0,0,0,0,0
NumberFire,Tucker Swift,WR,NO,7,0,0,0,20.728,0,0.62,0,39.828,599.963,4.869,0,0,0,0,0,0,0,0,0,0,0,0,0,0,0
NFL,Tucker Swift,WR,NO,7,0,0,0,20.808,0,0.696,0,49.463,744.004,4.529,0,0,0,0,0,0,0,0,0,0,0,0,0,0,0
CBS,Braelon Benson,WR,TB,14,0,0,0,18.976,0,0.608,0,46.016,676.592,3.554,0,0,0,0,0,0,0,0,0,0,0,0,0,0,0
ESPN,Braelon Benson,WR,TB,14,0,0,0,20.296,0,0.498,0,46.92,727.536,4.288,0,0,0,0,0,0,0,0,0,0,0,0,0,0,0
FantasyPros,Braelon Benson,WR,TB,14,0,0,0,18.32,0,0.578,0,53.32,550.224,4.8,0,0,0,0,0,0,0,0,0,0,0,0,0,0,0
FFToday,Braelon Benson,WR,TB,14,0,0,0,18.006,0,0.537,0,53.362,660.497,5.053,0,0,0,0,0,0,0,0,0,0,0,0,0,0,0
NumberFire,Braelon Benson,WR,TB,14,0,0,0,17.202,0,0.592,0,38.903,689.401,3.743,0,0,0,0,0,0,0,0,0,0,0,0,0,0,0
NFL,Braelon Benson,WR,TB,14,0,0,0,20.253,0,0.611,0,56.117,830.93,3.501,0,0,0,0,0,0,0,0,0,0,0,0,0,0,0
CBS,Xavier Bowers,WR,MIA,14,0,0,0,18.396,0,0.637,0,49.507,611.452,3.961,0,0,0,0,0,0,0,0,0,0,0,0,0,0,0
ESPN,Xavier Bowers,WR,MIA,14,0,0,0,19.582,0,0.628,0,42.333,735.444,3.281,0,0,0,0,0,0,0,0,0,0,0,0,0,0,0
FantasyPros,Xavier Bowers,WR,MIA,14,0,0,0,15.576,0,0.462,0,34.905,657.012,3.183,0,0,0,0,0,0,0,0,0,0,0,0,0,0,0
FFToday,Xavier Bowers,WR,MIA,14,0,0,0,18.751,0,0.489,0,51.31,650.246,3.77,0,0,0,0,0,0,0,0,0,0,0,0,0,0,0
NumberFire,Xavier Bowers,WR,MIA,14,0,0,0,17.751,0,0.503,0,44.492,624.354,3.85,0,0,0,0,0,0,0,0,0,0,0,0,0,0,0
NFL,Xavier Bowers,WR,MIA,14,0,0,0,14.449,0,0.551,0,48.741,639.201,4.9,0,0,0,0,0,0,0,0,0,0,0,0,0,0,0
CBS,Chase Guerendo,WR,PIT,11,0,0,0,18.586,0,0.602,0,47.845,550.516,3.401,0,0,0,0,0,0,0,0,0,0,0,0,0,0,0
ESPN,Chase Guerendo,WR,PIT,11,0,0,0,15.876,0,0.51,0,41.434,614.524,4.07,0,0,0,0,0,0,0,0,0,0,0,0,0,0,0
FantasyPros,Chase Guerendo,WR,PIT,11,0,0,0,18.437,0,0.47,0,45.625,712.392,3.463,0,0,0,0,0,0,0,0,0,0,0,0,0,0,0
FFToday,Chase Guerendo,WR,PIT,11,0,0,0,19.996,0,0.56,0,43.487,624.971,3.921,0,0,0,0,0,0,0,0,0,0,0,0,0,0,0
NumberFire,Chase Guerendo,WR,PIT,11,0,0,0,21.458,0,0.632,0,41.672,535.372,4.313,0,0,0,0,0,0,0,0,0,0,0,0,0,0,0
NFL,Chase Guerendo,WR,PIT,11,0,0,0,18.21,0,0.394,0,49.644,635.715,3.179,0,0,0,0,0,0,0,0,0,0,0,0,0,0,0
CBS,Ladd Irving,WR,ARI,5,0,0,0,18.127,0,0.511,0,41.017,566.853,3.445,0,0,0,0,0,0,0,0,0,0,0,0,0,0,0
ESPN,Ladd Irving,WR,ARI,5,0,0,0,17.222,0,0.575,0,37.936,633.541,4.041,0,0,0,0,0,0,0,0,0,0,0,0,0,0,0
FantasyPros,Ladd Irving,WR,ARI,5,0,0,0,15.781,0,0.634,0,43.207,676.106,3.68,0,0,0,0,0,0,0,0,0,0,0,0,0,0,0
FFToday,Ladd Irving,WR,ARI,5,0,0,0,18.038,0,0.65,0,36.831,495.769,4.557,0,0,0,0,0,0,0,0,0,0,0,0,0,0,0
NumberFire,Ladd Irving,WR,ARI,5,0,0,0,18.461,0,0.639,0,44.109,535.456,3.388,0,0,0,0,0,0,0,0,0,0,0,0,0,0,0
NFL,Ladd Irving,WR,ARI,5,0,0,0,15.607,0,0.5,0,37.952,598.882,4.052,0,0,0,0,0,0,0,0,0,0,0,0,0,0,0
CBS,Trey Swift,WR,PIT,11,0,0,0,17.775,0,0.491,0,38.643,592.075,3.596,0,0,0,0,0,0,0,0,0,0,0,0,0,0,0
ESPN,Trey Swift,WR,PIT,11,0,0,0,14.273,0,0.6,0,34.5,715.749,3.193,0,0,0,0,0,0,0,0,0,0,0,0,0,0,0
FantasyPros,Trey Swift,WR,PIT,11,0,0,0,16.908,0,0.532,0,39.941,581.749,3.809,0,0,0,0,0,0,0,0,0,0,0,0,0,0,0
FFToday,Trey Swift,WR,PIT,11,0,0,0,19.023,0,0.418,0,44.546,509.987,3.604,0,0,0,0,0,0,0,0,0,0,0,0,0,0,0
NumberFire,Trey Swift,WR,PIT,11,0,0,0,17.384,0,0.601,0,36.834,567.424,3.2,0,0,0,0,0,0,0,0,0,0,0,0,0,0,0
NFL,Trey Swift,WR,PIT,11,0,0,0,12.577,0,0.609,0,37.235,555.405,2.202,0,0,0,0,0,0,0,0,0,0,0,0,0,0,0
CBS,Amari Wright,WR,GB,6,0,0,0,17.718,0,0.532,0,35.31,537.373,3.627,0,0,0,0,0,0,0,0,0,0,0,0,0,0,0
ESPN,Amari Wright,WR,GB,6,0,0,0,16.688,0,0.566,0,27.37,540.364,3.772,0,0,0,0,0,0,0,0,0,0,0,0,0,0,0
FantasyPros,Amari Wright,WR,GB,6,0,0,0,14.07,0,0.573,0,45.448,388.589,3.39,0,0,0,0,0,0,0,0,0,0,0,0,0,0,0
FFToday,Amari Wright,WR,GB,6,0,0,0,17.268,0,0.47,0,40.956,520.633,4.031,0,0,0,0,0,0,0,0,0,0,0,0,0,0,0
NumberFire,Amari Wright,WR,GB,6,0,0,0,17.017,0,0.457,0,37.572,558.532,4.045,0,0,0,0,0,0,0,0,0,0,0,0,0,0,0
NFL,Amari Wright,WR,GB,6,0,0,0,16.245,0,0.481,0,46.26,481.956,3.462,0,0,0,0,0,0,0,0,0,0,0,0,0,0,0
CBS,Marvin McConkey,WR,NYG,8,0,0,0,14.527,0,0.49,0,35.933,533.485,2.507,0,0,0,0,0,0,0,0,0,0,0,0,0,0,0
ESPN,Marvin McConkey,WR,NYG,8,0,0,0,16.796,0,0.537,0,52.933,576.683,3.06,0,0,0,0,0,0,0,0,0,0,0,0,0,0,0
FantasyPros,Marvin McConkey,WR,NYG,8,0,0,0,12.786,0,0.509,0,31.844,564.876,3.207,0,0,0,0,0,0,0,0,0,0,0,0,0,0,0
FFToday,Marvin McConkey,WR,NYG,8,0,0,0,19.169,0,0.581,0,27.473,604.63,3.942,0,0,0,0,0,0,0,0,0,0,0,0,0,0,0
NumberFire,Marvin McConkey,WR,NYG,8,0,0,0,13.43,0,0.551,0,45.019,443.788,2.949,0,0,0,0,0,0,0,0,0,0,0,0,0,0,0
NFL,Marvin McConkey,WR,NYG,8,0,0,0,14.97,0,0.612,0,39.274,583.677,3.59,0,0,0,0,0,0,0,0,0,0,0,0,0,0,0
CBS,Grant Carter,WR,DAL,13,0,0,0,12.571,0,0.571,0,35.748,514.767,3.611,0,0,0,0,0,0,0,0,0,0,0,0,0,0,0
ESPN,Grant Carter,WR,DAL,13,0,0,0,14.978,0,0.511,0,39.252,476.825,2.925,0,0,0,0,0,0,0,0,0,0,0,0,0,0,0
FantasyPros,Grant Carter,WR,DAL,13,0,0,0,13.459,0,0.603,0,46.961,540.223,3.586,0,0,0,0,0,0,0,0,0,0,0,0,0,0,0
FFToday,Grant Carter,WR,DAL,13,0,0,0,17.239,0,0.481,0,36.369,444.331,3.026,0,0,0,0,0,0,0,0,0,0,0,0,0,0,0
NumberFire,Grant Carter,WR,DAL,13,0,0,0,16.476,0,0.603,0,38.06,477.642,2.731,0,0,0,0,0,0,0,0,0,0,0,0,0,0,0
NFL,Grant Carter,WR,DAL,13,0,0,0,18.48,0,0.508,0,35.477,595.705,3.453,0,0,0,0,0,0,0,0,0,0,0,0,0,0,0
CBS,Marvin Legette,WR,ATL,6,0,0,0,12.961,0,0.57,0,35.13,482.637,3.362,0,0,0,0,0,0,0,0,0,0,0,0,0,0,0
ESPN,Marvin Legette,WR,ATL,6,0,0,0,15.295,0,0.482,0,37.873,549.596,3.314,0,0,0,0,0,0,0,0,0,0,0,0,0,0,0
FantasyPros,Marvin Legette,WR,ATL,6,0,0,0,13.338,0,0.538,0,41.05,450.013,4.022,0,0,0,0,0,0,0,0,0,0,0,0,0,0,0
FFToday,Marvin Legette,WR,ATL,6,0,0,0,14.868,0,0.509,0,31.259,448.153,3.642,0,0,0,0,0,0,0,0,0,0,0,0,0,0,0
NumberFire,Marvin Legette,WR,ATL,6,0,0,0,13.621,0,0.562,0,32.29,539.913,3.344,0,0,0,0,0,0,0,0,0,0,0,0,0,0,0
NFL,Marvin Legette,WR,ATL,6,0,0,0,13.559,0,0.554,0,35.635,493.512,3.233,0,0,0,0,0,0,0,0,0,0,0,0,0,0,0
CBS,Jonathon Hill,WR,MIA,14,0,0,0,13.109,0,0.482,0,38.856,407.87,3.139,0,0,0,0,0,0,0,0,0,0,0,0,0,0,0
ESPN,Jonathon Hill,WR,MIA,14,0,0,0,13.012,0,0.433,0,26.397,447.122,3.101,0,0,0,0,0,0,0,0,0,0,0,0,0,0,0
FantasyPros,Jonathon Hill,WR,MIA,14,0,0,0,16.474,0,0.613,0,39.735,445.225,2.869,0,0,0,0,0,0,0,0,0,0,0,0,0,0,0
FFToday,Jonathon Hill,WR,MIA,14,0,0,0,14.146,0,0.685,0,27.667,547.505,3.482,0,0,0,0,0,0,0,0,0,0,0,0,0,0,0
NumberFire,Jonathon Hill,WR,MIA,14,0,0,0,14.761,0,0.472,0,34.348,479.343,3.246,0,0,0,0,0,0,0,0,0,0,0,0,0,0,0
NFL,Jonathon Hill,WR,MIA,14,0,0,0,12.973,0,0.474,0,33.201,587.011,2.918,0,0,0,0,0,0,0,0,0,0,0,0,0,0,0
CBS,Isaiah Brooks,WR,PHI,10,0,0,0,13.099,0,0.519,0,26.284,409.248,2.31,0,0,0,0,0,0,0,0,0,0,0,0,0,0,0
ESPN,Isaiah Brooks,WR,PHI,10,0,0,0,15.146,0,0.746,0,28.923,445.036,3.06,0,0,0,0,0,0,0,0,0,0,0,0,0,0,0
FantasyPros,Isaiah Brooks,WR,PHI,10,0,0,0,10.988,0,0.696,0,24.668,488.563,2.923,0,0,0,0,0,0,0,0,0,0,0,0,0,0,0
FFToday,Isaiah Brooks,WR,PHI,10,0,0,0,14.818,0,0.529,0,38.6,540.827,2.959,0,0,0,0,0,0,0,0,0,0,0,0,0,0,0
NumberFire,Isaiah Brooks,WR,PHI,10,0,0,0,15.682,0,0.548,0,33.131,467.826,3.536,0,0,0,0,0,0,0,0,0,0,0,0,0,0,0
NFL,Isaiah Brooks,WR,PHI,10,0,0,0,13.543,0,0.417,0,32.552,484.185,2.882,0,0,0,0,0,0,0,0,0,0,0,0,0,0,0
CBS,Keon Carter,WR,DET,5,0,0,0,13.322,0,0.59,0,33.387,363.272,2.836,0,0,0,0,0,0,0,0,0,0,0,0,0,0,0
ESPN,Keon Carter,WR,DET,5,0,0,0,12.049,0,0.435,0,30.496,490.28,2.797,0,0,0,0,0,0,0,0,0,0,0,0,0,0,0
FantasyPros,Keon Carter,WR,DET,5,0,0,0,18.53,0,0.482,0,34.111,423.749,2.872,0,0,0,0,0,0,0,0,0,0,0,0,0,0,0
FFToday,Keon Carter,WR,DET,5,0,0,0,11.766,0,0.431,0,34.749,390.445,2.342,0,0,0,0,0,0,0,0,0,0,0,0,0,0,0
NumberFire,Keon Carter,WR,DET,5,0,0,0,16.161,0,0.616,0,37.808,322.016,3.019,0,0,0,0,0,0,0,0,0,0,0,0,0,0,0
NFL,Keon Carter,WR,DET,5,0,0,0,12.976,0,0.532,0,22.26,491.769,2.614,0,0,0,0,0,0,0,0,0,0,0,0,0,0,0
CBS,Chase Nix,WR,CHI,10,0,0,0,12.044,0,0.575,0,33.338,384.239,2.481,0,0,0,0,0,0,0,0,0,0,0,0,0,0,0
ESPN,Chase Nix,WR,CHI,10,0,0,0,13.798,0,0.613,0,35.411,449.357,2.861,0,0,0,0,0,0,0,0,0,0,0,0,0,0,0
FantasyPros,Chase Nix,WR,CHI,10,0,0,0,16.372,0,0.528,0,30.159,424.821,2.283,0,0,0,0,0,0,0,0,0,0,0,0,0,0,0
FFToday,Chase Nix,WR,CHI,10,0,0,0,11.393,0,0.513,0,28.978,400.237,2.972,0,0,0,0,0,0,0,0,0,0,0,0,0,0,0
NumberFire,Chase Nix,WR,CHI,10,0,0,0,15.345,0,0.602,0,35.442,460.257,2.7,0,0,0,0,0,0,0,0,0,0,0,0,0,0,0
NFL,Chase Nix,WR,CHI,10,0,0,0,11.537,0,0.595,0,35.442,523.233,4.045,0,0,0,0,0,0,0,0,0,0,0,0,0,0,0
CBS,Braelon McConkey,WR,NE,6,0,0,0,13.114,0,0.339,0,34.899,551.643,2.654,0,0,0,0,0,0,0,0,0,0,0,0,0,0,0
ESPN,Braelon McConkey,WR,NE,6,0,0,0,11.083,0,0.577,0,25.918,420.204,3.186,0,0,0,0,0,0,0,0,0,0,0,0,0,0,0
FantasyPros,Braelon McConkey,WR,NE,6,0,0,0,10.137,0,0.481,0,29.298,470.197,2.565,0,0,0,0,0,0,0,0,0,0,0,0,0,0,0
FFToday,Braelon McConkey,WR,NE,6,0,0,0,12.033,0,0.476,0,26.627,471.337,2.998,0,0,0,0,0,0,0,0,0,0,0,0,0,0,0
NumberFire,Braelon McConkey,WR,NE,6,0,0,0,10.968,0,0.464,0,34.638,431.938,2.985,0,0,0,0,0,0,0,0,0,0,0,0,0,0,0
NFL,Braelon McConkey,WR,NE,6,0,0,0,11.536,0,0.502,0,30.226,436.409,2.207,0,0,0,0,0,0,0,0,0,0,0,0,0,0,0
CBS,Trey Gibbs,WR,MIA,14,0,0,0,8.169,0,0.55,0,33.109,363.729,2.334,0,0,0,0,0,0,0,0,0,0,0,0,0,0,0
ESPN,Trey Gibbs,WR,MIA,14,0,0,0,13.247,0,0.417,0,27.966,454.13,2.95,0,0,0,0,0,0,0,0,0,0,0,0,0,0,0
FantasyPros,Trey Gibbs,WR,MIA,14,0,0,0,13.989,0,0.602,0,29.208,572.877,2.553,0,0,0,0,0,0,0,0,0,0,0,0,0,0,0
FFToday,Trey Gibbs,WR,MIA,14,0,0,0,14.593,0,0.525,0,27.821,471.536,3.023,0,0,0,0,0,0,0,0,0,0,0,0,0,0,0
NumberFire,Trey Gibbs,WR,MIA,14,0,0,0,12.946,0,0.413,0,32.197,387.449,3.309,0,0,0,0,0,0,0,0,0,0,0,0,0,0,0
NFL,Trey Gibbs,WR,MIA,14,0,0,0,10.591,0,0.505,0,28.665,405.043,2.682,0,0,0,0,0,0,0,0,0,0,0,0,0,0,0
CBS,Rome Corum,WR,HOU,7,0,0,0,8.975,0,0.492,0,25.395,468.642,1.967,0,0,0,0,0,0,0,0,0,0,0,0,0,0,0
ESPN,Rome Corum,WR,HOU,7,0,0,0,14.095,0,0.463,0,34.663,266.561,2.728,0,0,0,0,0,0,0,0,0,0,0,0,0,0,0
FantasyPros,Rome Corum,WR,HOU,7,0,0,0,10.81,0,0.477,0,30.189,428.282,2.393,0,0,0,0,0,0,0,0,0,0,0,0,0,0,0
FFToday,Rome Corum,WR,HOU,7,0,0,0,12.955,0,0.437,0,33.102,334.812,2.256,0,0,0,0,0,0,0,0,0,0,0,0,0,0,0
NumberFire,Rome Corum,WR,HOU,7,0,0,0,11.845,0,0.555,0,37.757,403.881,2.508,0,0,0,0,0,0,0,0,0,0,0,0,0,0,0
NFL,Rome Corum,WR,HOU,7,0,0,0,12.317,0,0.634,0,28.527,484.734,2.145,0,0,0,0,0,0,0,0,0,0,0,0,0,0,0
CBS,Marvin Corum,WR,LV,13,0,0,0,9.618,0,0.563,0,21.888,456.261,2.987,0,0,0,0,0,0,0,0,0,0,0,0,0,0,0
ESPN,Marvin Corum,WR,LV,13,0,0,0,9.855,0,0.559,0,28.463,414.0,2.567,0,0,0,0,0,0,0,0,0,0,0,0,0,0,0
FantasyPros,Marvin Corum,WR,LV,13,0,0,0,10.594,0,0.413,0,22.421,438.584,2.617,0,0,0,0,0,0,0,0,0,0,0,0,0,0,0
FFToday,Marvin Corum,WR,LV,13,0,0,0,8.71,0,0.587,0,29.598,263.319,2.616,0,0,0,0,0,0,0,0,0,0,0,0,0,0,0
NumberFire,Marvin Corum,WR,LV,13,0,0,0,8.941,0,0.502,0,23.249,387.274,2.517,0,0,0,0,0,0,0,0,0,0,0,0,0,0,0
NFL,Marvin Corum,WR,LV,13,0,0,0,8.768,0,0.464,0,30.623,423.392,2.79,0,0,0,0,0,0,0,0,0,0,0,0,0,0,0
CBS,Garrett Nix,WR,NO,7,0,0,0,12.184,0,0.548,0,25.851,331.125,3.231,0,0,0,0,0,0,0,0,0,0,0,0,0,0,0
ESPN,Garrett Nix,WR,NO,7,0,0,0,10.458,0,0.383,0,29.731,277.164,2.504,0,0,0,0,0,0,0,0,0,0,0,0,0,0,0
FantasyPros,Garrett Nix,WR,NO,7,0,0,0,10.55,0,0.58,0,29.508,405.268,2.322,0,0,0,0,0,0,0,0,0,0,0,0,0,0,0
FFToday,Garrett Nix,WR,NO,7,0,0,0,10.071,0,0.647,0,26.162,409.205,2.417,0,0,0,0,0,0,0,0,0,0,0,0,0,0,0
NumberFire,Garrett Nix,WR,NO,7,0,0,0,8.443,0,0.479,0,17.771,397.628,2.399,0,0,0,0,0,0,0,0,0,0,0,0,0,0,0
NFL,Garrett Nix,WR,NO,7,0,0,0,8.953,0,0.388,0,23.085,406.094,2.656,0,0,0,0,0,0,0,0,0,0,0,0,0,0,0
CBS,Dylan Robinson,WR,HOU,7,0,0,0,9.17,0,0.564,0,30.672,453.664,2.608,0,0,0,0,0,0,0,0,0,0,0,0,0,0,0
ESPN,Dylan Robinson,WR,HOU,7,0,0,0,10.88,0,0.514,0,26.243,383.134,2.249,0,0,0,0,0,0,0,0,0,0,0,0,0,0,0
FantasyPros,Dylan Robinson,WR,HOU,7,0,0,0,12.383,0,0.578,0,28.646,393.758,2.028,0,0,0,0,0,0,0,0,0,0,0,0,0,0,0
FFToday,Dylan Robinson,WR,HOU,7,0,0,0,10.767,0,0.35,0,28.141,294.778,1.577,0,0,0,0,0,0,0,0,0,0,0,0,0,0,0
NumberFire,Dylan Robinson,WR,HOU,7,0,0,0,10.108,0,0.567,0,26.236,319.987,2.279,0,0,0,0,0,0,0,0,0,0,0,0,0,0,0
NFL,Dylan Robinson,WR,HOU,7,0,0,0,12.786,0,0.561,0,21.906,375.745,2.037,0,0,0,0,0,0,0,0,0,0,0,0,0,0,0
CBS,Caleb Maye,WR,TEN,5,0,0,0,9.236,0,0.49,0,22.892,384.313,1.945,0,0,0,0,0,0,0,0,0,0,0,0,0,0,0
ESPN,Caleb Maye,WR,TEN,5,0,0,0,10.259,0,0.553,0,22.009,398.759,1.842,0,0,0,0,0,0,0,0,0,0,0,0,0,0,0
FantasyPros,Caleb Maye,WR,TEN,5,0,0,0,7.946,0,0.503,0,30.734,361.212,2.39,0,0,0,0,0,0,0,0,0,0,0,0,0,0,0
FFToday,Caleb Maye,WR,TEN,5,0,0,0,9.443,0,0.606,0,25.412,375.62,2.094,0,0,0,0,0,0,0,0,0,0,0,0,0,0,0
NumberFire,Caleb Maye,WR,TEN,5,0,0,0,10.956,0,0.45,0,27.514,305.018,2.687,0,0,0,0,0,0,0,0,0,0,0,0,0,0,0
NFL,Caleb Maye,WR,TEN,5,0,0,0,10.861,0,0.511,0,27.611,348.032,2.558,0,0,0,0,0,0,0,0,0,0,0,0,0,0,0
CBS,Theo Irving,WR,DET,5,0,0,0,10.971,0,0.582,0,26.745,359.816,2.17,0,0,0,0,0,0,0,0,0,0,0,0,0,0,0
ESPN,Theo Irving,WR,DET,5,0,0,0,9.889,0,0.587,0,18.718,395.657,2.833,0,0,0,0,0,0,0,0,0,0,0,0,0,0,0
FantasyPros,Theo Irving,WR,DET,5,0,0,0,9.457,0,0.609,0,21.459,243.368,2.202,0,0,0,0,0,0,0,0,0,0,0,0,0,0,0
FFToday,Theo Irving,WR,DET,5,0,0,0,10.099,0,0.58,0,23.969,376.709,2.414,0,0,0,0,0,0,0,0,0,0,0,0,0,0,0
NumberFire,Theo Irving,WR,DET,5,0,0,0,11.076,0,0.794,0,26.198,388.794,2.089,0,0,0,0,0,0,0,0,0,0,0,0,0,0,0
NFL,Theo Irving,WR,DET,5,0,0,0,8.982,0,0.481,0,26.195,290.126,2.33,0,0,0,0,0,0,0,0,0,0,0,0,0,0,0
CBS,Marvin Harrison,WR,ATL,6,0,0,0,8.645,0,0.372,0,23.802,326.976,1.937,0,0,0,0,0,0,0,0,0,0,0,0,0,0,0
ESPN,Marvin Harrison,WR,ATL,6,0,0,0,11.786,0,0.487,0,24.695,266.782,1.881,0,0,0,0,0,0,0,0,0,0,0,0,0,0,0
FantasyPros,Marvin Harrison,WR,ATL,6,0,0,0,7.436,0,0.477,0,18.35,362.25,2.126,0,0,0,0,0,0,0,0,0,0,0,0,0,0,0
FFToday,Marvin Harrison,WR,ATL,6,0,0,0,10.988,0,0.535,0,24.152,387.039,2.903,0,0,0,0,0,0,0,0,0,0,0,0,0,0,0
NumberFire,Marvin Harrison,WR,ATL,6,0,0,0,9.222,0,0.516,0,18.064,269.806,2.271,0,0,0,0,0,0,0,0,0,0,0,0,0,0,0
NFL,Marvin Harrison,WR,ATL,6,0,0,0,10.277,0,0.63,0,24.838,339.076,1.987,0,0,0,0,0,0,0,0,0,0,0,0,0,0,0
CBS,Devon Nabers,WR,DET,5,0,0,0,8.713,0,0.6,0,16.649,293.578,2.014,0,0,0,0,0,0,0,0,0,0,0,0,0,0,0
ESPN,Devon Nabers,WR,DET,5,0,0,0,6.412,0,0.489,0,20.209,234.622,1.866,0,0,0,0,0,0,0,0,0,0,0,0,0,0,0
FantasyPros,Devon Nabers,WR,DET,5,0,0,0,10.507,0,0.371,0,19.326,301.212,1.672,0,0,0,0,0,0,0,0,0,0,0,0,0,0,0
FFToday,Devon Nabers,WR,DET,5,0,0,0,9.338,0,0.5,0,23.647,338.917,1.942,0,0,0,0,0,0,0,0,0,0,0,0,0,0,0
NumberFire,Devon Nabers,WR,DET,5,0,0,0,9.417,0,0.712,0,20.61,197.041,1.508,0,0,0,0,0,0,0,0,0,0,0,0,0,0,0
NFL,Devon Nabers,WR,DET,5,0,0,0,7.711,0,0.344,0,17.839,259.288,1.553,0,0,0,0,0,0,0,0,0,0,0,0,0,0,0
CBS,Quentin Brown,WR,ARI,5,0,0,0,7.387,0,0.401,0,19.798,280.097,1.246,0,0,0,0,0,0,0,0,0,0,0,0,0,0,0
ESPN,Quentin Brown,WR,ARI,5,0,0,0,6.962,0,0.584,0,21.046,239.993,1.495,0,0,0,0,0,0,0,0,0,0,0,0,0,0,0
FantasyPros,Quentin Brown,WR,ARI,5,0,0,0,8.085,0,0.416,0,21.452,277.168,1.692,0,0,0,0,0,0,0,0,0,0,0,0,0,0,0
FFToday,Quentin Brown,WR,ARI,5,0,0,0,6.586,0,0.457,0,14.526,266.09,1.714,0,0,0,0,0,0,0,0,0,0,0,0,0,0,0
NumberFire,Quentin Brown,WR,ARI,5,0,0,0,6.516,0,0.359,0,18.058,268.097,1.714,0,0,0,0,0,0,0,0,0,0,0,0,0,0,0
NFL,Quentin Brown,WR,ARI,5,0,0,0,7.347,0,0.402,0,15.691,280.822,1.787,0,0,0,0,0,0,0,0,0,0,0,0,0,0,0
CBS,Zay Legette,WR,NYG,8,0,0,0,7.728,0,0.452,0,18.328,297.633,1.151,0,0,0,0,0,0,0,0,0,0,0,0,0,0,0
ESPN,Zay Legette,WR,NYG,8,0,0,0,6.978,0,0.54,0,16.622,282.7,1.167,0,0,0,0,0,0,0,0,0,0,0,0,0,0,0
FantasyPros,Zay Legette,WR,NYG,8,0,0,0,9.171,0,0.518,0,14.712,205.51,1.353,0,0,0,0,0,0,0,0,0,0,0,0,0,0,0
FFToday,Zay Legette,WR,NYG,8,0,0,0,5.342,0,0.482,0,13.843,224.011,1.335,0,0,0,0,0,0,0,0,0,0,0,0,0,0,0
NumberFire,Zay Legette,WR,NYG,8,0,0,0,5.839,0,0.499,0,18.33,226.833,1.356,0,0,0,0,0,0,0,0,0,0,0,0,0,0,0
NFL,Zay Legette,WR,NYG,8,0,0,0,8.103,0,0.61,0,18.237,280.367,1.559,0,0,0,0,0,0,0,0,0,0,0,0,0,0,0
CBS,Audric Pollard,WR,DEN,14,0,0,0,5.352,0,0.506,0,18.225,176.702,0.85,0,0,0,0,0,0,0,0,0,0,0,0,0,0,0
ESPN,Audric Pollard,WR,DEN,14,0,0,0,6.046,0,0.463,0,12.677,272.474,1.503,0,0,0,0,0,0,0,0,0,0,0,0,0,0,0
FantasyPros,Audric Pollard,WR,DEN,14,0,0,0,5.721,0,0.418,0,16.318,177.793,1.548,0,0,0,0,0,0,0,0,0,0,0,0,0,0,0
FFToday,Audric Pollard,WR,DEN,14,0,0,0,5.966,0,0.452,0,15.048,290.088,1.132,0,0,0,0,0,0,0,0,0,0,0,0,0,0,0
NumberFire,Audric Pollard,WR,DEN,14,0,0,0,6.167,0,0.445,0,17.288,172.348,1.379,0,0,0,0,0,0,0,0,0,0,0,0,0,0,0
NFL,Audric Pollard,WR,DEN,14,0,0,0,6.03,0,0.353,0,18.399,241.05,1.219,0,0,0,0,0,0,0,0,0,0,0,0,0,0,0
CBS,Garrett Carter,WR,KC,10,0,0,0,6.133,0,0.425,0,14.547,146.488,1.075,0,0,0,0,0,0,0,0,0,0,0,0,0,0,0
ESPN,Garrett Carter,WR,KC,10,0,0,0,5.607,0,0.455,0,17.009,187.427,0.942,0,0,0,0,0,0,0,0,0,0,0,0,0,0,0
FantasyPros,Garrett Carter,WR,KC,10,0,0,0,5.92,0,0.352,0,16.575,201.585,1.314,0,0,0,0,0,0,0,0,0,0,0,0,0,0,0
FFToday,Garrett Carter,WR,KC,10,0,0,0,5.402,0,0.419,0,18.505,159.157,1.234,0,0,0,0,0,0,0,0,0,0,0,0,0,0,0
NumberFire,Garrett Carter,WR,KC,10,0,0,0,3.738,0,0.528,0,18.478,194.19,1.301,0,0,0,0,0,0,0,0,0,0,0,0,0,0,0
NFL,Garrett Carter,WR,KC,10,0,0,0,4.805,0,0.483,0,11.069,240.996,1.613,0,0,0,0,0,0,0,0,0,0,0,0,0,0,0
CBS,Blake Carter,WR,MIN,5,0,0,0,4.912,0,0.451,0,11.55,148.169,1.32,0,0,0,0,0,0,0,0,0,0,0,0,0,0,0
ESPN,Blake Carter,WR,MIN,5,0,0,0,5.173,0,0.485,0,14.462,163.416,0.938,0,0,0,0,0,0,0,0,0,0,0,0,0,0,0
FantasyPros,Blake Carter,WR,MIN,5,0,0,0,5.782,0,0.364,0,12.302,176.259,1.137,0,0,0,0,0,0,0,0,0,0,0,0,0,0,0
FFToday,Blake Carter,WR,MIN,5,0,0,0,4.902,0,0.452,0,11.101,151.776,0.858,0,0,0,0,0,0,0,0,0,0,0,0,0,0,0
NumberFire,Blake Carter,WR,MIN,5,0,0,0,6.172,0,0.463,0,14.013,210.561,1.066,0,0,0,0,0,0,0,0,0,0,0,0,0,0,0
NFL,Blake Carter,WR,MIN,5,0,0,0,6.109,0,0.428,0,10.74,173.236,0.733,0,0,0,0,0,0,0,0,0,0,0,0,0,0,0
CBS,Isaiah McConkey,WR,CAR,9,0,0,0,4.601,0,0.584,0,8.464,166.018,1.059,0,0,0,0,0,0,0,0,0,0,0,0,0,0,0
ESPN,Isaiah McConkey,WR,CAR,9,0,0,0,4.686,0,0.582,0,12.47,183.318,1.139,0,0,0,0,0,0,0,0,0,0,0,0,0,0,0
FantasyPros,Isaiah McConkey,WR,CAR,9,0,0,0,3.534,0,0.543,0,9.982,188.507,1.232,0,0,0,0,0,0,0,0,0,0,0,0,0,0,0
FFToday,Isaiah McConkey,WR,CAR,9,0,0,0,3.957,0,0.513,0,13.827,151.004,0.975,0,0,0,0,0,0,0,0,0,0,0,0,0,0,0
NumberFire,Isaiah McConkey,WR,CAR,9,0,0,0,5.156,0,0.539,0,10.347,109.32,1.151,0,0,0,0,0,0,0,0,0,0,0,0,0,0,0
NFL,Isaiah McConkey,WR,CAR,9,0,0,0,4.758,0,0.432,0,12.702,166.014,0.961,0,0,0,0,0,0,0,0,0,0,0,0,0,0,0
CBS,Troy Nabers,WR,MIA,14,0,0,0,5.474,0,0.414,0,7.272,121.43,0.826,0,0,0,0,0,0,0,0,0,0,0,0,0,0,0
ESPN,Troy Nabers,WR,MIA,14,0,0,0,3.467,0,0.357,0,10.951,151.018,0.755,0,0,0,0,0,0,0,0,0,0,0,0,0,0,0
FantasyPros,Troy Nabers,WR,MIA,14,0,0,0,4.961,0,0.359,0,10.698,173.983,1.089,0,0,0,0,0,0,0,0,0,0,0,0,0,0,0
FFToday,Troy Nabers,WR,MIA,14,0,0,0,4.106,0,0.381,0,8.005,147.3,0.889,0,0,0,0,0,0,0,0,0,0,0,0,0,0,0
NumberFire,Troy Nabers,WR,MIA,14,0,0,0,4.88,0,0.532,0,9.412,150.964,1.209,0,0,0,0,0,0,0,0,0,0,0,0,0,0,0
NFL,Troy Nabers,WR,MIA,14,0,0,0,3.84,0,0.407,0,10.042,149.269,0.902,0,0,0,0,0,0,0,0,0,0,0,0,0,0,0
CBS,Emeka Guerendo,WR,NO,7,0,0,0,3.932,0,0.39,0,13.374,131.865,0.837,0,0,0,0,0,0,0,0,0,0,0,0,0,0,0
ESPN,Emeka Guerendo,WR,NO,7,0,0,0,3.669,0,0.417,0,6.921,101.609,1.012,0,0,0,0,0,0,0,0,0,0,0,0,0,0,0
FantasyPros,Emeka Guerendo,WR,NO,7,0,0,0,3.687,0,0.406,0,7.87,104.86,1.007,0,0,0,0,0,0,0,0,0,0,0,0,0,0,0
FFToday,Emeka Guerendo,WR,NO,7,0,0,0,3.792,0,0.439,0,9.378,155.695,0.561,0,0,0,0,0,0,0,0,0,0,0,0,0,0,0
NumberFire,Emeka Guerendo,WR,NO,7,0,0,0,3.553,0,0.383,0,7.71,120.187,1.071,0,0,0,0,0,0,0,0,0,0,0,0,0,0,0
NFL,Emeka Guerendo,WR,NO,7,0,0,0,2.875,0,0.467,0,11.176,111.587,0.757,0,0,0,0,0,0,0,0,0,0,0,0,0,0,0
CBS,Braelon Irving,WR,CLE,12,0,0,0,3.938,0,0.389,0,8.014,134.319,0.938,0,0,0,0,0,0,0,0,0,0,0,0,0,0,0
ESPN,Braelon Irving,WR,CLE,12,0,0,0,3.543,0,0.444,0,7.997,106.667,0.794,0,0,0,0,0,0,0,0,0,0,0,0,0,0,0
FantasyPros,Braelon Irving,WR,CLE,12,0,0,0,3.473,0,0.391,0,9.122,86.087,0.677,0,0,0,0,0,0,0,0,0,0,0,0,0,0,0
FFToday,Braelon Irving,WR,CLE,12,0,0,0,4.342,0,0.429,0,8.862,123.693,0.674,0,0,0,0,0,0,0,0,0,0,0,0,0,0,0
NumberFire,Braelon Irving,WR,CLE,12,0,0,0,4.726,0,0.421,0,6.522,115.395,0.675,0,0,0,0,0,0,0,0,0,0,0,0,0,0,0
NFL,Braelon Irving,WR,CLE,12,0,0,0,3.843,0,0.37,0,9.527,141.277,0.838,0,0,0,0,0,0,0,0,0,0,0,0,0,0,0
CBS,Ladd Shipley,WR,KC,10,0,0,0,3.125,0,0.456,0,8.576,123.665,0.649,0,0,0,0,0,0,0,0,0,0,0,0,0,0,0
ESPN,Ladd Shipley,WR,KC,10,0,0,0,3.106,0,0.497,0,8.393,88.56,0.721,0,0,0,0,0,0,0,0,0,0,0,0,0,0,0
FantasyPros,Ladd Shipley,WR,KC,10,0,0,0,2.845,0,0.401,0,9.587,93.379,0.685,0,0,0,0,0,0,0,0,0,0,0,0,0,0,0
FFToday,Ladd Shipley,WR,KC,10,0,0,0,2.703,0,0.522,0,6.789,126.426,0.486,0,0,0,0,0,0,0,0,0,0,0,0,0,0,0
NumberFire,Ladd Shipley,WR,KC,10,0,0,0,2.807,0,0.406,0,7.826,129.073,0.633,0,0,0,0,0,0,0,0,0,0,0,0,0,0,0
NFL,Ladd Shipley,WR,KC,10,0,0,0,3.477,0,0.397,0,6.711,94.407,0.769,0,0,0,0,0,0,0,0,0,0,0,0,0,0,0
CBS,Amari Brown,WR,NO,7,0,0,0,3.12,0,0.467,0,5.86,100.657,0.683,0,0,0,0,0,0,0,0,0,0,0,0,0,0,0
ESPN,Amari Brown,WR,NO,7,0,0,0,2.918,0,0.404,0,6.579,83.925,0.43,0,0,0,0,0,0,0,0,0,0,0,0,0,0,0
FantasyPros,Amari Brown,WR,NO,7,0,0,0,2.483,0,0.389,0,6.647,99.458,0.626,0,0,0,0,0,0,0,0,0,0,0,0,0,0,0
FFToday,Amari Brown,WR,NO,7,0,0,0,2.581,0,0.498,0,5.2,96.313,0.606,0,0,0,0,0,0,0,0,0,0,0,0,0,0,0
NumberFire,Amari Brown,WR,NO,7,0,0,0,2.263,0,0.484,0,6.24,81.593,0.77,0,0,0,0,0,0,0,0,0,0,0,0,0,0,0
NFL,Amari Brown,WR,NO,7,0,0,0,3.404,0,0.327,0,8.655,105.501,0.634,0,0,0,0,0,0,0,0,0,0,0,0,0,0,0
CBS,Blake Wright,WR,CHI,10,0,0,0,3.154,0,0.368,0,7.14,106.189,0.597,0,0,0,0,0,0,0,0,0,0,0,0,0,0,0
ESPN,Blake Wright,WR,CHI,10,0,0,0,3.157,0,0.449,0,5.727,87.608,0.548,0,0,0,0,0,0,0,0,0,0,0,0,0,0,0
FantasyPros,Blake Wright,WR,CHI,10,0,0,0,2.76,0,0.399,0,5.165,81.98,0.471,0,0,0,0,0,0,0,0,0,0,0,0,0,0,0
FFToday,Blake Wright,WR,CHI,10,0,0,0,1.945,0,0.47,0,5.194,86.838,0.65,0,0,0,0,0,0,0,0,0,0,0,0,0,0,0
NumberFire,Blake Wright,WR,CHI,10,0,0,0,2.089,0,0.473,0,6.319,81.149,0.565,0,0,0,0,0,0,0,0,0,0,0,0,0,0,0
NFL,Blake Wright,WR,CHI,10,0,0,0,1.914,0,0.528,0,7.237,119.488,0.664,0,0,0,0,0,0,0,0,0,0,0,0,0,0,0
CBS,Rome Allen,WR,LAC,11,0,0,0,2.293,0,0.343,0,5.3,71.305,0.579,0,0,0,0,0,0,0,0,0,0,0,0,0,0,0
ESPN,Rome Allen,WR,LAC,11,0,0,0,2.844,0,0.454,0,6.848,101.702,0.614,0,0,0,0,0,0,0,0,0,0,0,0,0,0,0
FantasyPros,Rome Allen,WR,LAC,11,0,0,0,2.208,0,0.432,0,4.728,70.92,0.545,0,0,0,0,0,0,0,0,0,0,0,0,0,0,0
FFToday,Rome Allen,WR,LAC,11,0,0,0,2.333,0,0.377,0,4.5,93.675,0.634,0,0,0,0,0,0,0,0,0,0,0,0,0,0,0
NumberFire,Rome Allen,WR,LAC,11,0,0,0,2.429,0,0.51,0,6.494,113.156,0.463,0,0,0,0,0,0,0,0,0,0,0,0,0,0,0
NFL,Rome Allen,WR,LAC,11,0,0,0,2.982,0,0.407,0,4.86,101.053,0.385,0,0,0,0,0,0,0,0,0,0,0,0,0,0,0
CBS,Keon Hall,WR,SEA,12,0,0,0,2.154,0,0.342,0,5.699,75.111,0.443,0,0,0,0,0,0,0,0,0,0,0,0,0,0,0
ESPN,Keon Hall,WR,SEA,12,0,0,0,1.792,0,0.5,0,4.577,94.609,0.423,0,0,0,0,0,0,0,0,0,0,0,0,0,0,0
FantasyPros,Keon Hall,WR,SEA,12,0,0,0,2.422,0,0.447,0,5.351,74.57,0.442,0,0,0,0,0,0,0,0,0,0,0,0,0,0,0
FFToday,Keon Hall,WR,SEA,12,0,0,0,1.888,0,0.476,0,6.734,75.543,0.511,0,0,0,0,0,0,0,0,0,0,0,0,0,0,0
NumberFire,Keon Hall,WR,SEA,12,0,0,0,2.461,0,0.461,0,5.869,57.784,0.392,0,0,0,0,0,0,0,0,0,0,0,0,0,0,0
NFL,Keon Hall,WR,SEA,12,0,0,0,2.167,0,0.473,0,5.907,63.3,0.411,0,0,0,0,0,0,0,0,0,0,0,0,0,0,0
CBS,Puka Mason,WR,NE,6,0,0,0,1.544,0,0.374,0,5.605,69.279,0.49,0,0,0,0,0,0,0,0,0,0,0,0,0,0,0
ESPN,Puka Mason,WR,NE,6,0,0,0,1.583,0,0.397,0,4.71,72.192,0.346,0,0,0,0,0,0,0,0,0,0,0,0,0,0,0
FantasyPros,Puka Mason,WR,NE,6,0,0,0,2.047,0,0.591,0,6.613,58.16,0.359,0,0,0,0,0,0,0,0,0,0,0,0,0,0,0
FFToday,Puka Mason,WR,NE,6,0,0,0,1.931,0,0.378,0,5.259,54.994,0.482,0,0,0,0,0,0,0,0,0,0,0,0,0,0,0
NumberFire,Puka Mason,WR,NE,6,0,0,0,2.14,0,0.416,0,5.78,57.676,0.408,0,0,0,0,0,0,0,0,0,0,0,0,0,0,0
NFL,Puka Mason,WR,NE,6,0,0,0,1.935,0,0.483,0,4.338,67.133,0.329,0,0,0,0,0,0,0,0,0,0,0,0,0,0,0
CBS,Malik Franklin,WR,WAS,6,0,0,0,1.846,0,0.387,0,4.319,71.905,0.35,0,0,0,0,0,0,0,0,0,0,0,0,0,0,0
ESPN,Malik Franklin,WR,WAS,6,0,0,0,2.316,0,0.418,0,4.504,70.675,0.368,0,0,0,0,0,0,0,0,0,0,0,0,0,0,0
FantasyPros,Malik Franklin,WR,WAS,6,0,0,0,2.216,0,0.425,0,4.484,52.59,0.49,0,0,0,0,0,0,0,0,0,0,0,0,0,0,0
FFToday,Malik Franklin,WR,WAS,6,0,0,0,1.256,0,0.345,0,3.961,42.385,0.317,0,0,0,0,0,0,0,0,0,0,0,0,0,0,0
NumberFire,Malik Franklin,WR,WAS,6,0,0,0,1.146,0,0.363,0,3.989,63.63,0.285,0,0,0,0,0,0,0,0,0,0,0,0,0,0,0
NFL,Malik Franklin,WR,WAS,6,0,0,0,1.65,0,0.347,0,4.035,69.857,0.369,0,0,0,0,0,0,0,0,0,0,0,0,0,0,0
CBS,Kyren Maye,WR,TB,14,0,0,0,1.217,0,0.465,0,4.089,58.551,0.346,0,0,0,0,0,0,0,0,0,0,0,0,0,0,0
ESPN,Kyren Maye,WR,TB,14,0,0,0,1.709,0,0.293,0,4.501,65.719,0.243,0,0,0,0,0,0,0,0,0,0,0,0,0,0,0
FantasyPros,Kyren Maye,WR,TB,14,0,0,0,1.712,0,0.44,0,2.865,41.804,0.331,0,0,0,0,0,0,0,0,0,0,0,0,0,0,0
FFToday,Kyren Maye,WR,TB,14,0,0,0,1.588,0,0.478,0,3.398,43.698,0.32,0,0,0,0,0,0,0,0,0,0,0,0,0,0,0
NumberFire,Kyren Maye,WR,TB,14,0,0,0,1.701,0,0.478,0,3.802,54.707,0.261,0,0,0,0,0,0,0,0,0,0,0,0,0,0,0
NFL,Kyren Maye,WR,TB,14,0,0,0,1.555,0,0.419,0,4.397,42.854,0.328,0,0,0,0,0,0,0,0,0,0,0,0,0,0,0
CBS,Roman Gibbs,WR,NO,7,0,0,0,1.382,0,0.494,0,3.458,63.988,0.279,0,0,0,0,0,0,0,0,0,0,0,0,0,0,0
ESPN,Roman Gibbs,WR,NO,7,0,0,0,1.696,0,0.448,0,4.196,38.164,0.395,0,0,0,0,0,0,0,0,0,0,0,0,0,0,0
FantasyPros,Roman Gibbs,WR,NO,7,0,0,0,2.09,0,0.526,0,3.786,48.863,0.367,0,0,0,0,0,0,0,0,0,0,0,0,0,0,0
FFToday,Roman Gibbs,WR,NO,7,0,0,0,1.366,0,0.405,0,3.159,43.706,0.354,0,0,0,0,0,0,0,0,0,0,0,0,0,0,0
NumberFire,Roman Gibbs,WR,NO,7,0,0,0,1.498,0,0.36,0,3.773,49.84,0.305,0,0,0,0,0,0,0,0,0,0,0,0,0,0,0
NFL,Roman Gibbs,WR,NO,7,0,0,0,1.229,0,0.424,0,3.279,42.806,0.337,0,0,0,0,0,0,0,0,0,0,0,0,0,0,0
CBS,Drake Harrison,WR,NYJ,9,0,0,0,1.449,0,0.404,0,2.952,52.002,0.378,0,0,0,0,0,0,0,0,0,0,0,0,0,0,0
ESPN,Drake Harrison,WR,NYJ,9,0,0,0,1.493,0,0.425,0,2.77,40.14,0.261,0,0,0,0,0,0,0,0,0,0,0,0,0,0,0
FantasyPros,Drake Harrison,WR,NYJ,9,0,0,0,1.357,0,0.463,0,2.811,45.432,0.284,0,0,0,0,0,0,0,0,0,0,0,0,0,0,0
FFToday,Drake Harrison,WR,NYJ,9,0,0,0,0.99,0,0.479,0,3.565,40.242,0.283,0,0,0,0,0,0,0,0,0,0,0,0,0,0,0
NumberFire,Drake Harrison,WR,NYJ,9,0,0,0,1.658,0,0.346,0,3.131,49.198,0.288,0,0,0,0,0,0,0,0,0,0,0,0,0,0,0
NFL,Drake Harrison,WR,NYJ,9,0,0,0,1.593,0,0.336,0,3.967,40.914,0.301,0,0,0,0,0,0,0,0,0,0,0,0,0,0,0
CBS,Jonathon Mason,WR,SF,13,0,0,0,1.158,0,0.408,0,3.051,45.223,0.271,0,0,0,0,0,0,0,0,0,0,0,0,0,0,0
ESPN,Jonathon Mason,WR,SF,13,0,0,0,1.223,0,0.547,0,3.144,37.872,0.231,0,0,0,0,0,0,0,0,0,0,0,0,0,0,0
FantasyPros,Jonathon Mason,WR,SF,13,0,0,0,0.985,0,0.374,0,3.823,45.801,0.276,0,0,0,0,0,0,0,0,0,0,0,0,0,0,0
FFToday,Jonathon Mason,WR,SF,13,0,0,0,1.087,0,0.267,0,2.967,52.585,0.232,0,0,0,0,0,0,0,0,0,0,0,0,0,0,0
NumberFire,Jonathon Mason,WR,SF,13,0,0,0,1.17,0,0.396,0,3.152,43.378,0.224,0,0,0,0,0,0,0,0,0,0,0,0,0,0,0
NFL,Jonathon Mason,WR,SF,13,0,0,0,1.284,0,0.469,0,2.533,48.363,0.207,0,0,0,0,0,0,0,0,0,0,0,0,0,0,0
CBS,Caleb Thomas,WR,DAL,13,0,0,0,1.044,0,0.423,0,3.086,45.087,0.251,0,0,0,0,0,0,0,0,0,0,0,0,0,0,0
ESPN,Caleb Thomas,WR,DAL,13,0,0,0,1.218,0,0.385,0,2.638,55.19,0.276,0,0,0,0,0,0,0,0,0,0,0,0,0,0,0
FantasyPros,Caleb Thomas,WR,DAL,13,0,0,0,1.009,0,0.456,0,2.855,45.248,0.215,0,0,0,0,0,0,0,0,0,0,0,0,0,0,0
FFToday,Caleb Thomas,WR,DAL,13,0,0,0,1.273,0,0.44,0,2.452,37.122,0.209,0,0,0,0,0,0,0,0,0,0,0,0,0,0,0
NumberFire,Caleb Thomas,WR,DAL,13,0,0,0,1.087,0,0.458,0,2.116,41.72,0.247,0,0,0,0,0,0,0,0,0,0,0,0,0,0,0
NFL,Caleb Thomas,WR,DAL,13,0,0,0,1.185,0,0.375,0,3.441,40.682,0.289,0,0,0,0,0,0,0,0,0,0,0,0,0,0,0
CBS,Bijan Allen,WR,NE,6,0,0,0,1.082,0,0.443,0,2.938,40.298,0.251,0,0,0,0,0,0,0,0,0,0,0,0,0,0,0
ESPN,Bijan Allen,WR,NE,6,0,0,0,1.075,0,0.501,0,1.993,45.337,0.155,0,0,0,0,0,0,0,0,0,0,0,0,0,0,0
FantasyPros,Bijan Allen,WR,NE,6,0,0,0,0.843,0,0.364,0,2.123,31.323,0.198,0,0,0,0,0,0,0,0,0,0,0,0,0,0,0
FFToday,Bijan Allen,WR,NE,6,0,0,0,0.951,0,0.444,0,2.603,35.36,0.168,0,0,0,0,0,0,0,0,0,0,0,0,0,0,0
NumberFire,Bijan Allen,WR,NE,6,0,0,0,1.055,0,0.43,0,2.595,38.511,0.225,0,0,0,0,0,0,0,0,0,0,0,0,0,0,0
NFL,Bijan Allen,WR,NE,6,0,0,0,1.165,0,0.419,0,2.283,44.833,0.169,0,0,0,0,0,0,0,0,0,0,0,0,0,0,0
CBS,Bo McConkey,WR,LAR,12,0,0,0,0.803,0,0.447,0,1.898,39.133,0.231,0,0,0,0,0,0,0,0,0,0,0,0,0,0,0
ESPN,Bo McConkey,WR,LAR,12,0,0,0,1.183,0,0.419,0,2.121,34.738,0.255,0,0,0,0,0,0,0,0,0,0,0,0,0,0,0
FantasyPros,Bo McConkey,WR,LAR,12,0,0,0,0.916,0,0.392,0,2.307,27.017,0.183,0,0,0,0,0,0,0,0,0,0,0,0,0,0,0
FFToday,Bo McConkey,WR,LAR,12,0,0,0,0.904,0,0.457,0,2.196,36.388,0.193,0,0,0,0,0,0,0,0,0,0,0,0,0,0,0
NumberFire,Bo McConkey,WR,LAR,12,0,0,0,1.0,0,0.462,0,2.502,28.673,0.202,0,0,0,0,0,0,0,0,0,0,0,0,0,0,0
NFL,Bo McConkey,WR,LAR,12,0,0,0,0.864,0,0.386,0,2.488,34.644,0.184,0,0,0,0,0,0,0,0,0,0,0,0,0,0,0
CBS,Marvin Swift,WR,DEN,14,0,0,0,0.872,0,0.314,0,1.834,26.073,0.174,0,0,0,0,0,0,0,0,0,0,0,0,0,0,0
ESPN,Marvin Swift,WR,DEN,14,0,0,0,0.863,0,0.367,0,2.404,29.04,0.211,0,0,0,0,0,0,0,0,0,0,0,0,0,0,0
FantasyPros,Marvin Swift,WR,DEN,14,0,0,0,0.911,0,0.361,0,2.009,29.381,0.205,0,0,0,0,0,0,0,0,0,0,0,0,0,0,0
FFToday,Marvin Swift,WR,DEN,14,0,0,0,0.875,0,0.37,0,2.257,31.395,0.168,0,0,0,0,0,0,0,0,0,0,0,0,0,0,0
NumberFire,Marvin Swift,WR,DEN,14,0,0,0,0.834,0,0.398,0,1.592,26.696,0.188,0,0,0,0,0,0,0,0,0,0,0,0,0,0,0
NFL,Marvin Swift,WR,DEN,14,0,0,0,0.81,0,0.493,0,2.365,28.054,0.147,0,0,0,0,0,0,0,0,0,0,0,0,0,0,0
CBS,Kyren Daniels,WR,LAR,12,0,0,0,0.692,0,0.373,0,1.896,15.757,0.182,0,0,0,0,0,0,0,0,0,0,0,0,0,0,0
ESPN,Kyren Daniels,WR,LAR,12,0,0,0,0.841,0,0.406,0,1.578,23.909,0.14,0,0,0,0,0,0,0,0,0,0,0,0,0,0,0
FantasyPros,Kyren Daniels,WR,LAR,12,0,0,0,0.662,0,0.5,0,1.797,34.626,0.163,0,0,0,0,0,0,0,0,0,0,0,0,0,0,0
FFToday,Kyren Daniels,WR,LAR,12,0,0,0,0.849,0,0.422,0,1.567,18.608,0.166,0,0,0,0,0,0,0,0,0,0,0,0,0,0,0
NumberFire,Kyren Daniels,WR,LAR,12,0,0,0,0.585,0,0.351,0,1.882,28.55,0.144,0,0,0,0,0,0,0,0,0,0,0,0,0,0,0
NFL,Kyren Daniels,WR,LAR,12,0,0,0,0.713,0,0.349,0,2.363,26.117,0.176,0,0,0,0,0,0,0,0,0,0,0,0,0,0,0
CBS,Braelon Nabers,WR,DEN,14,0,0,0,0.575,0,0.324,0,1.776,22.791,0.124,0,0,0,0,0,0,0,0,0,0,0,0,0,0,0
ESPN,Braelon Nabers,WR,DEN,14,0,0,0,0.594,0,0.469,0,1.716,19.942,0.127,0,0,0,0,0,0,0,0,0,0,0,0,0,0,0
FantasyPros,Braelon Nabers,WR,DEN,14,0,0,0,0.635,0,0.421,0,1.903,29.031,0.16,0,0,0,0,0,0,0,0,0,0,0,0,0,0,0
FFToday,Braelon Nabers,WR,DEN,14,0,0,0,0.677,0,0.31,0,1.965,22.609,0.194,0,0,0,0,0,0,0,0,0,0,0,0,0,0,0
NumberFire,Braelon Nabers,WR,DEN,14,0,0,0,0.71,0,0.486,0,1.485,28.387,0.182,0,0,0,0,0,0,0,0,0,0,0,0,0,0,0
NFL,Braelon Nabers,WR,DEN,14,0,0,0,0.947,0,0.428,0,1.503,19.93,0.167,0,0,0,0,0,0,0,0,0,0,0,0,0,0,0
CBS,Tank Walker,WR,LAR,12,0,0,0,0.65,0,0.412,0,1.515,15.175,0.133,0,0,0,0,0,0,0,0,0,0,0,0,0,0,0
ESPN,Tank Walker,WR,LAR,12,0,0,0,0.715,0,0.512,0,1.428,16.651,0.142,0,0,0,0,0,0,0,0,0,0,0,0,0,0,0
FantasyPros,Tank Walker,WR,LAR,12,0,0,0,0.776,0,0.417,0,1.71,22.548,0.137,0,0,0,0,0,0,0,0,0,0,0,0,0,0,0
FFToday,Tank Walker,WR,LAR,12,0,0,0,0.638,0,0.467,0,1.872,22.139,0.102,0,0,0,0,0,0,0,0,0,0,0,0,0,0,0
NumberFire,Tank Walker,WR,LAR,12,0,0,0,0.67,0,0.325,0,1.282,20.155,0.115,0,0,0,0,0,0,0,0,0,0,0,0,0,0,0
NFL,Tank Walker,WR,LAR,12,0,0,0,0.624,0,0.465,0,1.911,20.669,0.161,0,0,0,0,0,0,0,0,0,0,0,0,0,0,0
CBS,Dylan Rice,WR,TB,14,0,0,0,0.611,0,0.392,0,1.153,20.472,0.125,0,0,0,0,0,0,0,0,0,0,0,0,0,0,0
ESPN,Dylan Rice,WR,TB,14,0,0,0,0.448,0,0.456,0,1.444,21.6,0.085,0,0,0,0,0,0,0,0,0,0,0,0,0,0,0
FantasyPros,Dylan Rice,WR,TB,14,0,0,0,0.634,0,0.478,0,1.144,21.278,0.108,0,0,0,0,0,0,0,0,0,0,0,0,0,0,0
FFToday,Dylan Rice,WR,TB,14,0,0,0,0.628,0,0.388,0,1.377,16.322,0.108,0,0,0,0,0,0,0,0,0,0,0,0,0,0,0
NumberFire,Dylan Rice,WR,TB,14,0,0,0,0.562,0,0.375,0,1.467,17.518,0.122,0,0,0,0,0,0,0,0,0,0,0,0,0,0,0
NFL,Dylan Rice,WR,TB,14,0,0,0,0.557,0,0.383,0,1.203,22.478,0.141,0,0,0,0,0,0,0,0,0,0,0,0,0,0,0
CBS,Devon Hall,WR,PHI,10,0,0,0,0.481,0,0.438,0,1.589,19.965,0.102,0,0,0,0,0,0,0,0,0,0,0,0,0,0,0
ESPN,Devon Hall,WR,PHI,10,0,0,0,0.537,0,0.394,0,1.365,17.031,0.132,0,0,0,0,0,0,0,0,0,0,0,0,0,0,0
FantasyPros,Devon Hall,WR,PHI,10,0,0,0,0.536,0,0.403,0,1.207,16.048,0.097,0,0,0,0,0,0,0,0,0,0,0,0,0,0,0
FFToday,Devon Hall,WR,PHI,10,0,0,0,0.517,0,0.389,0,1.187,18.374,0.094,0,0,0,0,0,0,0,0,0,0,0,0,0,0,0
NumberFire,Devon Hall,WR,PHI,10,0,0,0,0.479,0,0.335,0,1.442,18.747,0.113,0,0,0,0,0,0,0,0,0,0,0,0,0,0,0
NFL,Devon Hall,WR,PHI,10,0,0,0,0.465,0,0.448,0,1.296,22.945,0.137,0,0,0,0,0,0,0,0,0,0,0,0,0,0,0
CBS,Ainias Bigsby,WR,NE,6,0,0,0,0.458,0,0.397,0,0.986,10.636,0.116,0,0,0,0,0,0,0,0,0,0,0,0,0,0,0
ESPN,Ainias Bigsby,WR,NE,6,0,0,0,0.436,0,0.363,0,1.351,17.963,0.093,0,0,0,0,0,0,0,0,0,0,0,0,0,0,0
FantasyPros,Ainias Bigsby,WR,NE,6,0,0,0,0.637,0,0.383,0,1.081,16.496,0.124,0,0,0,0,0,0,0,0,0,0,0,0,0,0,0
FFToday,Ainias Bigsby,WR,NE,6,0,0,0,0.378,0,0.456,0,1.16,17.5,0.105,0,0,0,0,0,0,0,0,0,0,0,0,0,0,0
NumberFire,Ainias Bigsby,WR,NE,6,0,0,0,0.538,0,0.383,0,0.953,19.258,0.12,0,0,0,0,0,0,0,0,0,0,0,0,0,0,0
NFL,Ainias Bigsby,WR,NE,6,0,0,0,0.403,0,0.368,0,1.25,13.745,0.106,0,0,0,0,0,0,0,0,0,0,0,0,0,0,0
CBS,Tyreek Guerendo,WR,NE,6,0,0,0,0.46,0,0.419,0,1.259,16.768,0.109,0,0,0,0,0,0,0,0,0,0,0,0,0,0,0
ESPN,Tyreek Guerendo,WR,NE,6,0,0,0,0.391,0,0.387,0,1.096,20.767,0.089,0,0,0,0,0,0,0,0,0,0,0,0,0,0,0
FantasyPros,Tyreek Guerendo,WR,NE,6,0,0,0,0.356,0,0.431,0,1.03,15.767,0.087,0,0,0,0,0,0,0,0,0,0,0,0,0,0,0
FFToday,Tyreek Guerendo,WR,NE,6,0,0,0,0.419,0,0.318,0,0.839,12.14,0.097,0,0,0,0,0,0,0,0,0,0,0,0,0,0,0
NumberFire,Tyreek Guerendo,WR,NE,6,0,0,0,0.493,0,0.417,0,1.331,14.329,0.084,0,0,0,0,0,0,0,0,0,0,0,0,0,0,0
NFL,Tyreek Guerendo,WR,NE,6,0,0,0,0.437,0,0.456,0,0.938,13.454,0.093,0,0,0,0,0,0,0,0,0,0,0,0,0,0,0
CBS,Troy Daniels,WR,IND,8,0,0,0,0.307,0,0.371,0,0.668,14.521,0.091,0,0,0,0,0,0,0,0,0,0,0,0,0,0,0
ESPN,Troy Daniels,WR,IND,8,0,0,0,0.306,0,0.342,0,0.866,12.592,0.075,0,0,0,0,0,0,0,0,0,0,0,0,0,0,0
FantasyPros,Troy Daniels,WR,IND,8,0,0,0,0.403,0,0.581,0,0.916,12.134,0.107,0,0,0,0,0,0,0,0,0,0,0,0,0,0,0
FFToday,Troy Daniels,WR,IND,8,0,0,0,0.395,0,0.398,0,0.78,12.351,0.077,0,0,0,0,0,0,0,0,0,0,0,0,0,0,0
NumberFire,Troy Daniels,WR,IND,8,0,0,0,0.334,0,0.366,0,1.184,12.058,0.092,0,0,0,0,0,0,0,0,0,0,0,0,0,0,0
NFL,Troy Daniels,WR,IND,8,0,0,0,0.423,0,0.457,0,0.884,10.189,0.085,0,0,0,0,0,0,0,0,0,0,0,0,0,0,0
CBS,Deven Worthy,WR,BUF,8,0,0,0,0.377,0,0.473,0,0.977,12.112,0.087,0,0,0,0,0,0,0,0,0,0,0,0,0,0,0
ESPN,Deven Worthy,WR,BUF,8,0,0,0,0.309,0,0.391,0,0.906,9.039,0.055,0,0,0,0,0,0,0,0,0,0,0,0,0,0,0
FantasyPros,Deven Worthy,WR,BUF,8,0,0,0,0.435,0,0.378,0,0.858,14.523,0.073,0,0,0,0,0,0,0,0,0,0,0,0,0,0,0
FFToday,Deven Worthy,WR,BUF,8,0,0,0,0.349,0,0.339,0,0.898,12.306,0.07,0,0,0,0,0,0,0,0,0,0,0,0,0,0,0
NumberFire,Deven Worthy,WR,BUF,8,0,0,0,0.44,0,0.29,0,0.633,9.804,0.051,0,0,0,0,0,0,0,0,0,0,0,0,0,0,0
NFL,Deven Worthy,WR,BUF,8,0,0,0,0.367,0,0.361,0,0.834,9.274,0.074,0,0,0,0,0,0,0,0,0,0,0,0,0,0,0
CBS,Rashee Hall,WR,ARI,5,0,0,0,0.385,0,0.512,0,0.658,12.282,0.076,0,0,0,0,0,0,0,0,0,0,0,0,0,0,0
ESPN,Rashee Hall,WR,ARI,5,0,0,0,0.314,0,0.449,0,0.767,12.812,0.053,0,0,0,0,0,0,0,0,0,0,0,0,0,0,0
FantasyPros,Rashee Hall,WR,ARI,5,0,0,0,0.327,0,0.423,0,0.754,9.906,0.078,0,0,0,0,0,0,0,0,0,0,0,0,0,0,0
FFToday,Rashee Hall,WR,ARI,5,0,0,0,0.284,0,0.414,0,0.759,12.031,0.047,0,0,0,0,0,0,0,0,0,0,0,0,0,0,0
NumberFire,Rashee Hall,WR,ARI,5,0,0,0,0.418,0,0.415,0,0.679,14.031,0.076,0,0,0,0,0,0,0,0,0,0,0,0,0,0,0
NFL,Rashee Hall,WR,ARI,5,0,0,0,0.294,0,0.493,0,0.519,9.441,0.077,0,0,0,0,0,0,0,0,0,0,0,0,0,0,0
CBS,Garrett Daniels,WR,LAC,11,0,0,0,0.33,0,0.409,0,0.622,9.763,0.072,0,0,0,0,0,0,0,0,0,0,0,0,0,0,0
ESPN,Garrett Daniels,WR,LAC,11,0,0,0,0.315,0,0.451,0,0.706,12.092,0.062,0,0,0,0,0,0,0,0,0,0,0,0,0,0,0
FantasyPros,Garrett Daniels,WR,LAC,11,0,0,0,0.242,0,0.417,0,0.872,9.635,0.068,0,0,0,0,0,0,0,0,0,0,0,0,0,0,0
FFToday,Garrett Daniels,WR,LAC,11,0,0,0,0.28,0,0.432,0,0.763,11.441,0.091,0,0,0,0,0,0,0,0,0,0,0,0,0,0,0
NumberFire,Garrett Daniels,WR,LAC,11,0,0,0,0.306,0,0.388,0,0.588,8.678,0.061,0,0,0,0,0,0,0,0,0,0,0,0,0,0,0
NFL,Garrett Daniels,WR,LAC,11,0,0,0,0.343,0,0.504,0,0.796,9.072,0.054,0,0,0,0,0,0,0,0,0,0,0,0,0,0,0
CBS,Emeka Benson,WR,PIT,11,0,0,0,0.276,0,0.385,0,0.572,8.218,0.056,0,0,0,0,0,0,0,0,0,0,0,0,0,0,0
ESPN,Emeka Benson,WR,PIT,11,0,0,0,0.287,0,0.474,0,0.587,7.837,0.056,0,0,0,0,0,0,0,0,0,0,0,0,0,0,0
FantasyPros,Emeka Benson,WR,PIT,11,0,0,0,0.23,0,0.448,0,0.54,7.232,0.07,0,0,0,0,0,0,0,0,0,0,0,0,0,0,0
FFToday,Emeka Benson,WR,PIT,11,0,0,0,0.275,0,0.467,0,0.711,8.327,0.045,0,0,0,0,0,0,0,0,0,0,0,0,0,0,0
NumberFire,Emeka Benson,WR,PIT,11,0,0,0,0.27,0,0.369,0,0.68,8.898,0.053,0,0,0,0,0,0,0,0,0,0,0,0,0,0,0
NFL,Emeka Benson,WR,PIT,11,0,0,0,0.278,0,0.343,0,0.603,8.28,0.062,0,0,0,0,0,0,0,0,0,0,0,0,0,0,0
CBS,Marcus Hill,WR,NE,6,0,0,0,0.25,0,0.418,0,0.778,8.132,0.058,0,0,0,0,0,0,0,0,0,0,0,0,0,0,0
ESPN,Marcus Hill,WR,NE,6,0,0,0,0.246,0,0.421,0,0.435,10.081,0.066,0,0,0,0,0,0,0,0,0,0,0,0,0,0,0
FantasyPros,Marcus Hill,WR,NE,6,0,0,0,0.264,0,0.332,0,0.723,7.265,0.06,0,0,0,0,0,0,0,0,0,0,0,0,0,0,0
FFToday,Marcus Hill,WR,NE,6,0,0,0,0.267,0,0.411,0,0.788,8.587,0.058,0,0,0,0,0,0,0,0,0,0,0,0,0,0,0
NumberFire,Marcus Hill,WR,NE,6,0,0,0,0.251,0,0.436,0,0.684,7.559,0.053,0,0,0,0,0,0,0,0,0,0,0,0,0,0,0
NFL,Marcus Hill,WR,NE,6,0,0,0,0.238,0,0.417,0,0.652,6.505,0.052,0,0,0,0,0,0,0,0,0,0,0,0,0,0,0
CBS,Dylan Nabers,WR,JAX,9,0,0,0,0.201,0,0.427,0,0.522,6.348,0.046,0,0,0,0,0,0,0,0,0,0,0,0,0,0,0
ESPN,Dylan Nabers,WR,JAX,9,0,0,0,0.233,0,0.263,0,0.551,6.807,0.048,0,0,0,0,0,0,0,0,0,0,0,0,0,0,0
FantasyPros,Dylan Nabers,WR,JAX,9,0,0,0,0.206,0,0.47,0,0.608,8.873,0.052,0,0,0,0,0,0,0,0,0,0,0,0,0,0,0
FFToday,Dylan Nabers,WR,JAX,9,0,0,0,0.173,0,0.363,0,0.554,7.748,0.05,0,0,0,0,0,0,0,0,0,0,0,0,0,0,0
NumberFire,Dylan Nabers,WR,JAX,9,0,0,0,0.204,0,0.413,0,0.496,6.194,0.053,0,0,0,0,0,0,0,0,0,0,0,0,0,0,0
NFL,Dylan Nabers,WR,JAX,9,0,0,0,0.269,0,0.361,0,0.596,8.637,0.032,0,0,0,0,0,0,0,0,0,0,0,0,0,0,0
CBS,Puka Jefferson,WR,LAR,12,0,0,0,0.161,0,0.37,0,0.583,5.734,0.041,0,0,0,0,0,0,0,0,0,0,0,0,0,0,0
ESPN,Puka Jefferson,WR,LAR,12,0,0,0,0.143,0,0.59,0,0.373,6.201,0.042,0,0,0,0,0,0,0,0,0,0,0,0,0,0,0
FantasyPros,Puka Jefferson,WR,LAR,12,0,0,0,0.23,0,0.312,0,0.465,8.773,0.04,0,0,0,0,0,0,0,0,0,0,0,0,0,0,0
FFToday,Puka Jefferson,WR,LAR,12,0,0,0,0.208,0,0.396,0,0.517,5.48,0.045,0,0,0,0,0,0,0,0,0,0,0,0,0,0,0
NumberFire,Puka Jefferson,WR,LAR,12,0,0,0,0.151,0,0.462,0,0.443,5.563,0.03,0,0,0,0,0,0,0,0,0,0,0,0,0,0,0
NFL,Puka Jefferson,WR,LAR,12,0,0,0,0.204,0,0.445,0,0.546,7.061,0.036,0,0,0,0,0,0,0,0,0,0,0,0,0,0,0
CBS,Rashee Pollard,WR,IND,8,0,0,0,0.182,0,0.494,0,0.512,5.376,0.045,0,0,0,0,0,0,0,0,0,0,0,0,0,0,0
ESPN,Rashee Pollard,WR,IND,8,0,0,0,0.19,0,0.362,0,0.535,5.334,0.033,0,0,0,0,0,0,0,0,0,0,0,0,0,0,0
FantasyPros,Rashee Pollard,WR,IND,8,0,0,0,0.163,0,0.347,0,0.472,4.413,0.049,0,0,0,0,0,0,0,0,0,0,0,0,0,0,0
FFToday,Rashee Pollard,WR,IND,8,0,0,0,0.169,0,0.391,0,0.319,6.651,0.038,0,0,0,0,0,0,0,0,0,0,0,0,0,0,0
NumberFire,Rashee Pollard,WR,IND,8,0,0,0,0.188,0,0.309,0,0.397,6.654,0.047,0,0,0,0,0,0,0,0,0,0,0,0,0,0,0
NFL,Rashee Pollard,WR,IND,8,0,0,0,0.178,0,0.405,0,0.433,5.844,0.047,0,0,0,0,0,0,0,0,0,0,0,0,0,0,0
CBS,Amari Hall,WR,NYG,8,0,0,0,0.14,0,0.375,0,0.401,4.781,0.022,0,0,0,0,0,0,0,0,0,0,0,0,0,0,0
ESPN,Amari Hall,WR,NYG,8,0,0,0,0.162,0,0.387,0,0.464,7.287,0.047,0,0,0,0,0,0,0,0,0,0,0,0,0,0,0
FantasyPros,Amari Hall,WR,NYG,8,0,0,0,0.163,0,0.458,0,0.35,6.04,0.037,0,0,0,0,0,0,0,0,0,0,0,0,0,0,0
FFToday,Amari Hall,WR,NYG,8,0,0,0,0.172,0,0.314,0,0.313,5.865,0.039,0,0,0,0,0,0,0,0,0,0,0,0,0,0,0
NumberFire,Amari Hall,WR,NYG,8,0,0,0,0.106,0,0.409,0,0.41,4.9,0.026,0,0,0,0,0,0,0,0,0,0,0,0,0,0,0
NFL,Amari Hall,WR,NYG,8,0,0,0,0.164,0,0.27,0,0.31,4.674,0.033,0,0,0,0,0,0,0,0,0,0,0,0,0,0,0
CBS,Marvin Robinson,WR,HOU,7,0,0,0,0.136,0,0.412,0,0.424,5.448,0.032,0,0,0,0,0,0,0,0,0,0,0,0,0,0,0
ESPN,Marvin Robinson,WR,HOU,7,0,0,0,0.141,0,0.386,0,0.438,4.375,0.023,0,0,0,0,0,0,0,0,0,0,0,0,0,0,0
FantasyPros,Marvin Robinson,WR,HOU,7,0,0,0,0.172,0,0.34,0,0.411,5.129,0.039,0,0,0,0,0,0,0,0,0,0,0,0,0,0,0
FFToday,Marvin Robinson,WR,HOU,7,0,0,0,0.143,0,0.369,0,0.329,4.571,0.033,0,0,0,0,0,0,0,0,0,0,0,0,0,0,0
NumberFire,Marvin Robinson,WR,HOU,7,0,0,0,0.175,0,0.349,0,0.361,5.059,0.034,0,0,0,0,0,0,0,0,0,0,0,0,0,0,0
NFL,Marvin Robinson,WR,HOU,7,0,0,0,0.141,0,0.436,0,0.336,6.406,0.039,0,0,0,0,0,0,0,0,0,0,0,0,0,0,0
CBS,Chase Daniels,WR,CIN,11,0,0,0,0.149,0,0.413,0,0.333,4.56,0.029,0,0,0,0,0,0,0,0,0,0,0,0,0,0,0
ESPN,Chase Daniels,WR,CIN,11,0,0,0,0.119,0,0.422,0,0.323,3.427,0.033,0,0,0,0,0,0,0,0,0,0,0,0,0,0,0
FantasyPros,Chase Daniels,WR,CIN,11,0,0,0,0.142,0,0.529,0,0.347,4.935,0.03,0,0,0,0,0,0,0,0,0,0,0,0,0,0,0
FFToday,Chase Daniels,WR,CIN,11,0,0,0,0.14,0,0.377,0,0.374,4.438,0.025,0,0,0,0,0,0,0,0,0,0,0,0,0,0,0
NumberFire,Chase Daniels,WR,CIN,11,0,0,0,0.153,0,0.469,0,0.297,4.451,0.025,0,0,0,0,0,0,0,0,0,0,0,0,0,0,0
NFL,Chase Daniels,WR,CIN,11,0,0,0,0.169,0,0.397,0,0.341,4.952,0.03,0,0,0,0,0,0,0,0,0,0,0,0,0,0,0
CBS,Tucker Legette,WR,JAX,9,0,0,0,0.129,0,0.367,0,0.307,4.506,0.024,0,0,0,0,0,0,0,0,0,0,0,0,0,0,0
ESPN,Tucker Legette,WR,JAX,9,0,0,0,0.126,0,0.402,0,0.301,4.135,0.028,0,0,0,0,0,0,0,0,0,0,0,0,0,0,0
FantasyPros,Tucker Legette,WR,JAX,9,0,0,0,0.116,0,0.387,0,0.35,5.063,0.021,0,0,0,0,0,0,0,0,0,0,0,0,0,0,0
FFToday,Tucker Legette,WR,JAX,9,0,0,0,0.153,0,0.465,0,0.303,3.988,0.029,0,0,0,0,0,0,0,0,0,0,0,0,0,0,0
NumberFire,Tucker Legette,WR,JAX,9,0,0,0,0.13,0,0.432,0,0.305,4.443,0.031,0,0,0,0,0,0,0,0,0,0,0,0,0,0,0
NFL,Tucker Legette,WR,JAX,9,0,0,0,0.164,0,0.372,0,0.36,4.599,0.034,0,0,0,0,0,0,0,0,0,0,0,0,0,0,0
CBS,Grant Wright,WR,DET,5,0,0,0,0.105,0,0.413,0,0.272,4.304,0.028,0,0,0,0,0,0,0,0,0,0,0,0,0,0,0
ESPN,Grant Wright,WR,DET,5,0,0,0,0.105,0,0.312,0,0.228,3.763,0.026,0,0,0,0,0,0,0,0,0,0,0,0,0,0,0
FantasyPros,Grant Wright,WR,DET,5,0,0,0,0.11,0,0.465,0,0.193,2.991,0.024,0,0,0,0,0,0,0,0,0,0,0,0,0,0,0
FFToday,Grant Wright,WR,DET,5,0,0,0,0.134,0,0.448,0,0.27,4.229,0.027,0,0,0,0,0,0,0,0,0,0,0,0,0,0,0
NumberFire,Grant Wright,WR,DET,5,0,0,0,0.142,0,0.332,0,0.268,4.248,0.02,0,0,0,0,0,0,0,0,0,0,0,0,0,0,0
NFL,Grant Wright,WR,DET,5,0,0,0,0.104,0,0.423,0,0.233,2.98,0.025,0,0,0,0,0,0,0,0,0,0,0,0,0,0,0
CBS,Jonathon Bigsby,TE,CHI,10,0,0,0,0,0,0,0,89.095,907.497,6.96,0,0,0,0,0,0,0,0,0,0,0,0,0,0,0
ESPN,Jonathon Bigsby,TE,CHI,10,0,0,0,0,0,0,0,91.159,967.585,6.789,0,0,0,0,0,0,0,0,0,0,0,0,0,0,0
FantasyPros,Jonathon Bigsby,TE,CHI,10,0,0,0,0,0,0,0,83.756,921.397,7.027,0,0,0,0,0,0,0,0,0,0,0,0,0,0,0
FFToday,Jonathon Bigsby,TE,CHI,10,0,0,0,0,0,0,0,86.068,932.673,7.17,0,0,0,0,0,0,0,0,0,0,0,0,0,0,0
NumberFire,Jonathon Bigsby,TE,CHI,10,0,0,0,0,0,0,0,86.254,940.149,6.609,0,0,0,0,0,0,0,0,0,0,0,0,0,0,0
NFL,Jonathon Bigsby,TE,CHI,10,0,0,0,0,0,0,0,91.064,804.676,6.643,0,0,0,0,0,0,0,0,0,0,0,0,0,0,0
CBS,Tyreek Jefferson,TE,DAL,13,0,0,0,0,0,0,0,74.171,835.205,6.075,0,0,0,0,0,0,0,0,0,0,0,0,0,0,0
ESPN,Tyreek Jefferson,TE,DAL,13,0,0,0,0,0,0,0,80.587,845.082,6.789,0,0,0,0,0,0,0,0,0,0,0,0,0,0,0
FantasyPros,Tyreek Jefferson,TE,DAL,13,0,0,0,0,0,0,0,74.61,743.796,6.34,0,0,0,0,0,0,0,0,0,0,0,0,0,0,0
FFToday,Tyreek Jefferson,TE,DAL,13,0,0,0,0,0,0,0,73.594,936.77,6.812,0,0,0,0,0,0,0,0,0,0,0,0,0,0,0
NumberFire,Tyreek Jefferson,TE,DAL,13,0,0,0,0,0,0,0,74.092,921.369,6.194,0,0,0,0,0,0,0,0,0,0,0,0,0,0,0
NFL,Tyreek Jefferson,TE,DAL,13,0,0,0,0,0,0,0,75.285,894.021,6.559,0,0,0,0,0,0,0,0,0,0,0,0,0,0,0
CBS,Roman Hill,TE,LAR,12,0,0,0,0,0,0,0,76.297,773.472,6.302,0,0,0,0,0,0,0,0,0,0,0,0,0,0,0
ESPN,Roman Hill,TE,LAR,12,0,0,0,0,0,0,0,66.53,800.016,6.07,0,0,0,0,0,0,0,0,0,0,0,0,0,0,0
FantasyPros,Roman Hill,TE,LAR,12,0,0,0,0,0,0,0,79.69,785.419,5.902,0,0,0,0,0,0,0,0,0,0,0,0,0,0,0
FFToday,Roman Hill,TE,LAR,12,0,0,0,0,0,0,0,73.125,860.401,6.047,0,0,0,0,0,0,0,0,0,0,0,0,0,0,0
NumberFire,Roman Hill,TE,LAR,12,0,0,0,0,0,0,0,76.502,816.921,6.23,0,0,0,0,0,0,0,0,0,0,0,0,0,0,0
NFL,Roman Hill,TE,LAR,12,0,0,0,0,0,0,0,71.928,712.275,5.795,0,0,0,0,0,0,0,0,0,0,0,0,0,0,0
CBS,Braelon Estime,TE,GB,6,0,0,0,0,0,0,0,71.447,808.461,5.691,0,0,0,0,0,0,0,0,0,0,0,0,0,0,0
ESPN,Braelon Estime,TE,GB,6,0,0,0,0,0,0,0,70.922,791.569,6.661,0,0,0,0,0,0,0,0,0,0,0,0,0,0,0
FantasyPros,Braelon Estime,TE,GB,6,0,0,0,0,0,0,0,72.067,785.712,5.29,0,0,0,0,0,0,0,0,0,0,0,0,0,0,0
FFToday,Braelon Estime,TE,GB,6,0,0,0,0,0,0,0,75.398,837.877,5.49,0,0,0,0,0,0,0,0,0,0,0,0,0,0,0
NumberFire,Braelon Estime,TE,GB,6,0,0,0,0,0,0,0,69.691,780.41,5.634,0,0,0,0,0,0,0,0,0,0,0,0,0,0,0
NFL,Braelon Estime,TE,GB,6,0,0,0,0,0,0,0,65.442,850.274,5.867,0,0,0,0,0,0,0,0,0,0,0,0,0,0,0
CBS,Emeka Mason,TE,JAX,9,0,0,0,0,0,0,0,63.036,652.486,5.323,0,0,0,0,0,0,0,0,0,0,0,0,0,0,0
ESPN,Emeka Mason,TE,JAX,9,0,0,0,0,0,0,0,65.786,738.22,5.163,0,0,0,0,0,0,0,0,0,0,0,0,0,0,0
FantasyPros,Emeka Mason,TE,JAX,9,0,0,0,0,0,0,0,64.954,715.746,5.243,0,0,0,0,0,0,0,0,0,0,0,0,0,0,0
FFToday,Emeka Mason,TE,JAX,9,0,0,0,0,0,0,0,67.08,761.62,5.698,0,0,0,0,0,0,0,0,0,0,0,0,0,0,0
NumberFire,Emeka Mason,TE,JAX,9,0,0,0,0,0,0,0,60.651,750.312,5.525,0,0,0,0,0,0,0,0,0,0,0,0,0,0,0
NFL,Emeka Mason,TE,JAX,9,0,0,0,0,0,0,0,69.032,761.817,5.408,0,0,0,0,0,0,0,0,0,0,0,0,0,0,0
CBS,Jaxon Maye,TE,NE,6,0,0,0,0,0,0,0,64.105,642.886,5.443,0,0,0,0,0,0,0,0,0,0,0,0,0,0,0
ESPN,Jaxon Maye,TE,NE,6,0,0,0,0,0,0,0,67.397,686.099,5.073,0,0,0,0,0,0,0,0,0,0,0,0,0,0,0
FantasyPros,Jaxon Maye,TE,NE,6,0,0,0,0,0,0,0,58.822,672.989,4.654,0,0,0,0,0,0,0,0,0,0,0,0,0,0,0
FFToday,Jaxon Maye,TE,NE,6,0,0,0,0,0,0,0,67.511,674.505,5.107,0,0,0,0,0,0,0,0,0,0,0,0,0,0,0
NumberFire,Jaxon Maye,TE,NE,6,0,0,0,0,0,0,0,67.329,742.15,5.046,0,0,0,0,0,0,0,0,0,0,0,0,0,0,0
NFL,Jaxon Maye,TE,NE,6,0,0,0,0,0,0,0,67.349,733.017,4.744,0,0,0,0,0,0,0,0,0,0,0,0,0,0,0
CBS,Audric Benson,TE,MIN,5,0,0,0,0,0,0,0,62.767,628.591,5.261,0,0,0,0,0,0,0,0,0,0,0,0,0,0,0
ESPN,Audric Benson,TE,MIN,5,0,0,0,0,0,0,0,60.971,641.806,4.893,0,0,0,0,0,0,0,0,0,0,0,0,0,0,0
FantasyPros,Audric Benson,TE,MIN,5,0,0,0,0,0,0,0,59.547,690.068,4.652,0,0,0,0,0,0,0,0,0,0,0,0,0,0,0
FFToday,Audric Benson,TE,MIN,5,0,0,0,0,0,0,0,55.326,656.173,5.06,0,0,0,0,0,0,0,0,0,0,0,0,0,0,0
NumberFire,Audric Benson,TE,MIN,5,0,0,0,0,0,0,0,67.985,712.004,4.728,0,0,0,0,0,0,0,0,0,0,0,0,0,0,0
NFL,Audric Benson,TE,MIN,5,0,0,0,0,0,0,0,59.217,680.381,5.411,0,0,0,0,0,0,0,0,0,0,0,0,0,0,0
CBS,Blake Allen,TE,LAC,11,0,0,0,0,0,0,0,49.483,673.73,4.759,0,0,0,0,0,0,0,0,0,0,0,0,0,0,0
ESPN,Blake Allen,TE,LAC,11,0,0,0,0,0,0,0,60.018,649.789,4.194,0,0,0,0,0,0,0,0,0,0,0,0,0,0,0
FantasyPros,Blake Allen,TE,LAC,11,0,0,0,0,0,0,0,51.169,584.976,4.804,0,0,0,0,0,0,0,0,0,0,0,0,0,0,0
FFToday,Blake Allen,TE,LAC,11,0,0,0,0,0,0,0,57.623,641.748,4.404,0,0,0,0,0,0,0,0,0,0,0,0,0,0,0
NumberFire,Blake Allen,TE,LAC,11,0,0,0,0,0,0,0,57.627,613.832,4.69,0,0,0,0,0,0,0,0,0,0,0,0,0,0,0
NFL,Blake Allen,TE,LAC,11,0,0,0,0,0,0,0,60.69,604.143,4.826,0,0,0,0,0,0,0,0,0,0,0,0,0,0,0
CBS,Blake Odunze,TE,LAC,11,0,0,0,0,0,0,0,54.208,620.65,4.301,0,0,0,0,0,0,0,0,0,0,0,0,0,0,0
ESPN,Blake Odunze,TE,LAC,11,0,0,0,0,0,0,0,50.288,639.064,4.207,0,0,0,0,0,0,0,0,0,0,0,0,0,0,0
FantasyPros,Blake Odunze,TE,LAC,11,0,0,0,0,0,0,0,52.591,446.408,4.35,0,0,0,0,0,0,0,0,0,0,0,0,0,0,0
FFToday,Blake Odunze,TE,LAC,11,0,0,0,0,0,0,0,53.815,609.694,3.853,0,0,0,0,0,0,0,0,0,0,0,0,0,0,0
NumberFire,Blake Odunze,TE,LAC,11,0,0,0,0,0,0,0,49.27,607.109,4.125,0,0,0,0,0,0,0,0,0,0,0,0,0,0,0
NFL,Blake Odunze,TE,LAC,11,0,0,0,0,0,0,0,49.262,561.023,4.597,0,0,0,0,0,0,0,0,0,0,0,0,0,0,0
CBS,Emeka Penix,TE,ATL,6,0,0,0,0,0,0,0,48.169,501.056,3.881,0,0,0,0,0,0,0,0,0,0,0,0,0,0,0
ESPN,Emeka Penix,TE,ATL,6,0,0,0,0,0,0,0,47.189,539.686,4.11,0,0,0,0,0,0,0,0,0,0,0,0,0,0,0
FantasyPros,Emeka Penix,TE,ATL,6,0,0,0,0,0,0,0,50.453,610.093,4.118,0,0,0,0,0,0,0,0,0,0,0,0,0,0,0
FFToday,Emeka Penix,TE,ATL,6,0,0,0,0,0,0,0,51.831,520.221,4.433,0,0,0,0,0,0,0,0,0,0,0,0,0,0,0
NumberFire,Emeka Penix,TE,ATL,6,0,0,0,0,0,0,0,49.149,555.093,4.051,0,0,0,0,0,0,0,0,0,0,0,0,0,0,0
NFL,Emeka Penix,TE,ATL,6,0,0,0,0,0,0,0,51.871,572.43,3.869,0,0,0,0,0,0,0,0,0,0,0,0,0,0,0
CBS,Tucker Franklin,TE,LAC,11,0,0,0,0,0,0,0,47.485,485.295,4.405,0,0,0,0,0,0,0,0,0,0,0,0,0,0,0
ESPN,Tucker Franklin,TE,LAC,11,0,0,0,0,0,0,0,49.964,511.776,4.285,0,0,0,0,0,0,0,0,0,0,0,0,0,0,0
FantasyPros,Tucker Franklin,TE,LAC,11,0,0,0,0,0,0,0,50.366,535.863,4.163,0,0,0,0,0,0,0,0,0,0,0,0,0,0,0
FFToday,Tucker Franklin,TE,LAC,11,0,0,0,0,0,0,0,48.544,511.938,3.697,0,0,0,0,0,0,0,0,0,0,0,0,0,0,0
NumberFire,Tucker Franklin,TE,LAC,11,0,0,0,0,0,0,0,47.948,527.969,4.25,0,0,0,0,0,0,0,0,0,0,0,0,0,0,0
NFL,Tucker Franklin,TE,LAC,11,0,0,0,0,0,0,0,52.071,568.642,4.131,0,0,0,0,0,0,0,0,0,0,0,0,0,0,0
CBS,Rashee Estime,TE,NYG,8,0,0,0,0,0,0,0,46.394,569.75,3.404,0,0,0,0,0,0,0,0,0,0,0,0,0,0,0
ESPN,Rashee Estime,TE,NYG,8,0,0,0,0,0,0,0,39.654,462.523,3.637,0,0,0,0,0,0,0,0,0,0,0,0,0,0,0
FantasyPros,Rashee Estime,TE,NYG,8,0,0,0,0,0,0,0,44.035,476.267,3.48,0,0,0,0,0,0,0,0,0,0,0,0,0,0,0
FFToday,Rashee Estime,TE,NYG,8,0,0,0,0,0,0,0,42.856,557.297,3.82,0,0,0,0,0,0,0,0,0,0,0,0,0,0,0
NumberFire,Rashee Estime,TE,NYG,8,0,0,0,0,0,0,0,46.691,503.529,3.815,0,0,0,0,0,0,0,0,0,0,0,0,0,0,0
NFL,Rashee Estime,TE,NYG,8,0,0,0,0,0,0,0,44.487,498.631,3.993,0,0,0,0,0,0,0,0,0,0,0,0,0,0,0
CBS,Ricky Adams,TE,PHI,10,0,0,0,0,0,0,0,41.894,447.962,3.794,0,0,0,0,0,0,0,0,0,0,0,0,0,0,0
ESPN,Ricky Adams,TE,PHI,10,0,0,0,0,0,0,0,43.495,503.848,3.563,0,0,0,0,0,0,0,0,0,0,0,0,0,0,0
FantasyPros,Ricky Adams,TE,PHI,10,0,0,0,0,0,0,0,44.78,559.774,3.631,0,0,0,0,0,0,0,0,0,0,0,0,0,0,0
FFToday,Ricky Adams,TE,PHI,10,0,0,0,0,0,0,0,44.037,484.936,3.19,0,0,0,0,0,0,0,0,0,0,0,0,0,0,0
NumberFire,Ricky Adams,TE,PHI,10,0,0,0,0,0,0,0,43.26,490.417,3.646,0,0,0,0,0,0,0,0,0,0,0,0,0,0,0
NFL,Ricky Adams,TE,PHI,10,0,0,0,0,0,0,0,38.291,522.898,3.585,0,0,0,0,0,0,0,0,0,0,0,0,0,0,0
CBS,Cooper Dowdle,TE,PIT,11,0,0,0,0,0,0,0,40.222,535.105,3.742,0,0,0,0,0,0,0,0,0,0,0,0,0,0,0
ESPN,Cooper Dowdle,TE,PIT,11,0,0,0,0,0,0,0,41.553,474.095,3.23,0,0,0,0,0,0,0,0,0,0,0,0,0,0,0
FantasyPros,Cooper Dowdle,TE,PIT,11,0,0,0,0,0,0,0,40.852,467.712,3.374,0,0,0,0,0,0,0,0,0,0,0,0,0,0,0
FFToday,Cooper Dowdle,TE,PIT,11,0,0,0,0,0,0,0,37.174,480.989,3.445,0,0,0,0,0,0,0,0,0,0,0,0,0,0,0
NumberFire,Cooper Dowdle,TE,PIT,11,0,0,0,0,0,0,0,36.308,448.712,3.366,0,0,0,0,0,0,0,0,0,0,0,0,0,0,0
NFL,Cooper Dowdle,TE,PIT,11,0,0,0,0,0,0,0,34.13,433.738,3.44,0,0,0,0,0,0,0,0,0,0,0,0,0,0,0
CBS,Emeka Pollard,TE,MIA,14,0,0,0,0,0,0,0,38.828,450.416,3.234,0,0,0,0,0,0,0,0,0,0,0,0,0,0,0
ESPN,Emeka Pollard,TE,MIA,14,0,0,0,0,0,0,0,40.621,446.822,3.469,0,0,0,0,0,0,0,0,0,0,0,0,0,0,0
FantasyPros,Emeka Pollard,TE,MIA,14,0,0,0,0,0,0,0,38.79,470.656,3.115,0,0,0,0,0,0,0,0,0,0,0,0,0,0,0
FFToday,Emeka Pollard,TE,MIA,14,0,0,0,0,0,0,0,39.756,442.762,2.737,0,0,0,0,0,0,0,0,0,0,0,0,0,0,0
NumberFire,Emeka Pollard,TE,MIA,14,0,0,0,0,0,0,0,33.087,423.424,3.131,0,0,0,0,0,0,0,0,0,0,0,0,0,0,0
NFL,Emeka Pollard,TE,MIA,14,0,0,0,0,0,0,0,40.857,422.033,3.151,0,0,0,0,0,0,0,0,0,0,0,0,0,0,0
CBS,Audric Allen,TE,CHI,10,0,0,0,0,0,0,0,36.381,383.078,3.757,0,0,0,0,0,0,0,0,0,0,0,0,0,0,0
ESPN,Audric Allen,TE,CHI,10,0,0,0,0,0,0,0,32.884,393.397,2.7,0,0,0,0,0,0,0,0,0,0,0,0,0,0,0
FantasyPros,Audric Allen,TE,CHI,10,0,0,0,0,0,0,0,30.807,423.992,3.049,0,0,0,0,0,0,0,0,0,0,0,0,0,0,0
FFToday,Audric Allen,TE,CHI,10,0,0,0,0,0,0,0,33.585,365.923,3.128,0,0,0,0,0,0,0,0,0,0,0,0,0,0,0
NumberFire,Audric Allen,TE,CHI,10,0,0,0,0,0,0,0,36.47,443.841,3.174,0,0,0,0,0,0,0,0,0,0,0,0,0,0,0
NFL,Audric Allen,TE,CHI,10,0,0,0,0,0,0,0,31.631,336.964,2.821,0,0,0,0,0,0,0,0,0,0,0,0,0,0,0
CBS,Jaxon Penix,TE,WAS,6,0,0,0,0,0,0,0,35.523,368.954,2.575,0,0,0,0,0,0,0,0,0,0,0,0,0,0,0
ESPN,Jaxon Penix,TE,WAS,6,0,0,0,0,0,0,0,32.148,343.656,2.378,0,0,0,0,0,0,0,0,0,0,0,0,0,0,0
FantasyPros,Jaxon Penix,TE,WAS,6,0,0,0,0,0,0,0,27.667,342.435,2.681,0,0,0,0,0,0,0,0,0,0,0,0,0,0,0
FFToday,Jaxon Penix,TE,WAS,6,0,0,0,0,0,0,0,30.06,336.026,2.691,0,0,0,0,0,0,0,0,0,0,0,0,0,0,0
NumberFire,Jaxon Penix,TE,WAS,6,0,0,0,0,0,0,0,30.58,316.035,2.937,0,0,0,0,0,0,0,0,0,0,0,0,0,0,0
NFL,Jaxon Penix,TE,WAS,6,0,0,0,0,0,0,0,30.968,391.173,2.108,0,0,0,0,0,0,0,0,0,0,0,0,0,0,0
CBS,Cooper Hall,TE,GB,6,0,0,0,0,0,0,0,31.43,266.985,2.091,0,0,0,0,0,0,0,0,0,0,0,0,0,0,0
ESPN,Cooper Hall,TE,GB,6,0,0,0,0,0,0,0,21.782,331.896,2.72,0,0,0,0,0,0,0,0,0,0,0,0,0,0,0
FantasyPros,Cooper Hall,TE,GB,6,0,0,0,0,0,0,0,30.806,304.562,2.293,0,0,0,0,0,0,0,0,0,0,0,0,0,0,0
FFToday,Cooper Hall,TE,GB,6,0,0,0,0,0,0,0,26.358,321.998,2.281,0,0,0,0,0,0,0,0,0,0,0,0,0,0,0
NumberFire,Cooper Hall,TE,GB,6,0,0,0,0,0,0,0,24.833,289.944,2.044,0,0,0,0,0,0,0,0,0,0,0,0,0,0,0
NFL,Cooper Hall,TE,GB,6,0,0,0,0,0,0,0,27.971,265.319,1.965,0,0,0,0,0,0,0,0,0,0,0,0,0,0,0
CBS,Jayden Irving,TE,GB,6,0,0,0,0,0,0,0,22.848,247.73,1.873,0,0,0,0,0,0,0,0,0,0,0,0,0,0,0
ESPN,Jayden Irving,TE,GB,6,0,0,0,0,0,0,0,23.508,255.649,1.887,0,0,0,0,0,0,0,0,0,0,0,0,0,0,0
FantasyPros,Jayden Irving,TE,GB,6,0,0,0,0,0,0,0,24.86,322.189,1.785,0,0,0,0,0,0,0,0,0,0,0,0,0,0,0
FFToday,Jayden Irving,TE,GB,6,0,0,0,0,0,0,0,26.158,238.292,2.261,0,0,0,0,0,0,0,0,0,0,0,0,0,0,0
NumberFire,Jayden Irving,TE,GB,6,0,0,0,0,0,0,0,25.222,277.35,1.723,0,0,0,0,0,0,0,0,0,0,0,0,0,0,0
NFL,Jayden Irving,TE,GB,6,0,0,0,0,0,0,0,24.195,250.033,2.116,0,0,0,0,0,0,0,0,0,0,0,0,0,0,0
CBS,Dylan Carter,TE,NYJ,9,0,0,0,0,0,0,0,19.981,261.868,1.431,0,0,0,0,0,0,0,0,0,0,0,0,0,0,0
ESPN,Dylan Carter,TE,NYJ,9,0,0,0,0,0,0,0,17.842,208.912,1.742,0,0,0,0,0,0,0,0,0,0,0,0,0,0,0
FantasyPros,Dylan Carter,TE,NYJ,9,0,0,0,0,0,0,0,20.592,197.525,1.278,0,0,0,0,0,0,0,0,0,0,0,0,0,0,0
FFToday,Dylan Carter,TE,NYJ,9,0,0,0,0,0,0,0,18.62,237.686,1.744,0,0,0,0,0,0,0,0,0,0,0,0,0,0,0
NumberFire,Dylan Carter,TE,NYJ,9,0,0,0,0,0,0,0,19.66,210.652,1.831,0,0,0,0,0,0,0,0,0,0,0,0,0,0,0
NFL,Dylan Carter,TE,NYJ,9,0,0,0,0,0,0,0,17.088,197.391,1.901,0,0,0,0,0,0,0,0,0,0,0,0,0,0,0
CBS,Devon Shipley,TE,IND,8,0,0,0,0,0,0,0,12.924,155.307,1.223,0,0,0,0,0,0,0,0,0,0,0,0,0,0,0
ESPN,Devon Shipley,TE,IND,8,0,0,0,0,0,0,0,17.704,196.987,1.729,0,0,0,0,0,0,0,0,0,0,0,0,0,0,0
FantasyPros,Devon Shipley,TE,IND,8,0,0,0,0,0,0,0,17.638,194.521,1.394,0,0,0,0,0,0,0,0,0,0,0,0,0,0,0
FFToday,Devon Shipley,TE,IND,8,0,0,0,0,0,0,0,11.464,164.812,1.573,0,0,0,0,0,0,0,0,0,0,0,0,0,0,0
NumberFire,Devon Shipley,TE,IND,8,0,0,0,0,0,0,0,16.477,203.713,1.549,0,0,0,0,0,0,0,0,0,0,0,0,0,0,0
NFL,Devon Shipley,TE,IND,8,0,0,0,0,0,0,0,17.664,197.771,1.222,0,0,0,0,0,0,0,0,0,0,0,0,0,0,0
CBS,Drake Spears,TE,KC,10,0,0,0,0,0,0,0,16.083,144.676,1.341,0,0,0,0,0,0,0,0,0,0,0,0,0,0,0
ESPN,Drake Spears,TE,KC,10,0,0,0,0,0,0,0,14.64,164.194,1.247,0,0,0,0,0,0,0,0,0,0,0,0,0,0,0
FantasyPros,Drake Spears,TE,KC,10,0,0,0,0,0,0,0,14.684,160.395,1.445,0,0,0,0,0,0,0,0,0,0,0,0,0,0,0
FFToday,Drake Spears,TE,KC,10,0,0,0,0,0,0,0,13.953,180.733,1.264,0,0,0,0,0,0,0,0,0,0,0,0,0,0,0
NumberFire,Drake Spears,TE,KC,10,0,0,0,0,0,0,0,16.826,181.662,1.263,0,0,0,0,0,0,0,0,0,0,0,0,0,0,0
NFL,Drake Spears,TE,KC,10,0,0,0,0,0,0,0,15.753,171.523,1.124,0,0,0,0,0,0,0,0,0,0,0,0,0,0,0
CBS,Keon Legette,TE,DAL,13,0,0,0,0,0,0,0,13.771,134.687,1.012,0,0,0,0,0,0,0,0,0,0,0,0,0,0,0
ESPN,Keon Legette,TE,DAL,13,0,0,0,0,0,0,0,11.749,132.969,0.903,0,0,0,0,0,0,0,0,0,0,0,0,0,0,0
FantasyPros,Keon Legette,TE,DAL,13,0,0,0,0,0,0,0,12.648,154.297,1.118,0,0,0,0,0,0,0,0,0,0,0,0,0,0,0
FFToday,Keon Legette,TE,DAL,13,0,0,0,0,0,0,0,13.166,133.724,1.111,0,0,0,0,0,0,0,0,0,0,0,0,0,0,0
NumberFire,Keon Legette,TE,DAL,13,0,0,0,0,0,0,0,14.469,153.42,1.027,0,0,0,0,0,0,0,0,0,0,0,0,0,0,0
NFL,Keon Legette,TE,DAL,13,0,0,0,0,0,0,0,13.284,144.585,1.234,0,0,0,0,0,0,0,0,0,0,0,0,0,0,0
CBS,Grant Guerendo,TE,LAR,12,0,0,0,0,0,0,0,10.092,122.882,0.808,0,0,0,0,0,0,0,0,0,0,0,0,0,0,0
ESPN,Grant Guerendo,TE,LAR,12,0,0,0,0,0,0,0,9.372,120.223,0.8,0,0,0,0,0,0,0,0,0,0,0,0,0,0,0
FantasyPros,Grant Guerendo,TE,LAR,12,0,0,0,0,0,0,0,11.875,117.321,0.988,0,0,0,0,0,0,0,0,0,0,0,0,0,0,0
FFToday,Grant Guerendo,TE,LAR,12,0,0,0,0,0,0,0,11.1,121.752,0.938,0,0,0,0,0,0,0,0,0,0,0,0,0,0,0
NumberFire,Grant Guerendo,TE,LAR,12,0,0,0,0,0,0,0,11.283,130.642,0.937,0,0,0,0,0,0,0,0,0,0,0,0,0,0,0
NFL,Grant Guerendo,TE,LAR,12,0,0,0,0,0,0,0,10.562,138.294,1.022,0,0,0,0,0,0,0,0,0,0,0,0,0,0,0
CBS,Braelon Allen,TE,DAL,13,0,0,0,0,0,0,0,10.283,97.311,0.795,0,0,0,0,0,0,0,0,0,0,0,0,0,0,0
ESPN,Braelon Allen,TE,DAL,13,0,0,0,0,0,0,0,13.067,118.963,0.914,0,0,0,0,0,0,0,0,0,0,0,0,0,0,0
FantasyPros,Braelon Allen,TE,DAL,13,0,0,0,0,0,0,0,9.612,104.835,0.812,0,0,0,0,0,0,0,0,0,0,0,0,0,0,0
FFToday,Braelon Allen,TE,DAL,13,0,0,0,0,0,0,0,10.246,109.402,0.917,0,0,0,0,0,0,0,0,0,0,0,0,0,0,0
NumberFire,Braelon Allen,TE,DAL,13,0,0,0,0,0,0,0,8.764,123.865,0.871,0,0,0,0,0,0,0,0,0,0,0,0,0,0,0
NFL,Braelon Allen,TE,DAL,13,0,0,0,0,0,0,0,8.005,110.763,0.594,0,0,0,0,0,0,0,0,0,0,0,0,0,0,0
CBS,Troy Rice,TE,NYG,8,0,0,0,0,0,0,0,7.273,117.471,0.563,0,0,0,0,0,0,0,0,0,0,0,0,0,0,0
ESPN,Troy Rice,TE,NYG,8,0,0,0,0,0,0,0,8.743,92.333,0.822,0,0,0,0,0,0,0,0,0,0,0,0,0,0,0
FantasyPros,Troy Rice,TE,NYG,8,0,0,0,0,0,0,0,9.045,100.098,0.789,0,0,0,0,0,0,0,0,0,0,0,0,0,0,0
FFToday,Troy Rice,TE,NYG,8,0,0,0,0,0,0,0,8.276,85.973,0.669,0,0,0,0,0,0,0,0,0,0,0,0,0,0,0
NumberFire,Troy Rice,TE,NYG,8,0,0,0,0,0,0,0,9.205,85.99,0.732,0,0,0,0,0,0,0,0,0,0,0,0,0,0,0
NFL,Troy Rice,TE,NYG,8,0,0,0,0,0,0,0,6.701,99.057,0.618,0,0,0,0,0,0,0,0,0,0,0,0,0,0,0
CBS,Chase Etienne,TE,HOU,7,0,0,0,0,0,0,0,6.804,83.822,0.624,0,0,0,0,0,0,0,0,0,0,0,0,0,0,0
ESPN,Chase Etienne,TE,HOU,7,0,0,0,0,0,0,0,8.1,98.075,0.557,0,0,0,0,0,0,0,0,0,0,0,0,0,0,0
FantasyPros,Chase Etienne,TE,HOU,7,0,0,0,0,0,0,0,6.607,84.143,0.76,0,0,0,0,0,0,0,0,0,0,0,0,0,0,0
FFToday,Chase Etienne,TE,HOU,7,0,0,0,0,0,0,0,7.346,93.644,0.669,0,0,0,0,0,0,0,0,0,0,0,0,0,0,0
NumberFire,Chase Etienne,TE,HOU,7,0,0,0,0,0,0,0,6.93,85.302,0.637,0,0,0,0,0,0,0,0,0,0,0,0,0,0,0
NFL,Chase Etienne,TE,HOU,7,0,0,0,0,0,0,0,6.859,60.568,0.67,0,0,0,0,0,0,0,0,0,0,0,0,0,0,0
CBS,Theo Harrison,TE,DEN,14,0,0,0,0,0,0,0,5.591,56.66,0.578,0,0,0,0,0,0,0,0,0,0,0,0,0,0,0
ESPN,Theo Harrison,TE,DEN,14,0,0,0,0,0,0,0,6.212,66.63,0.512,0,0,0,0,0,0,0,0,0,0,0,0,0,0,0
FantasyPros,Theo Harrison,TE,DEN,14,0,0,0,0,0,0,0,7.14,76.296,0.575,0,0,0,0,0,0,0,0,0,0,0,0,0,0,0
FFToday,Theo Harrison,TE,DEN,14,0,0,0,0,0,0,0,5.597,67.473,0.49,0,0,0,0,0,0,0,0,0,0,0,0,0,0,0
NumberFire,Theo Harrison,TE,DEN,14,0,0,0,0,0,0,0,6.108,62.898,0.482,0,0,0,0,0,0,0,0,0,0,0,0,0,0,0
NFL,Theo Harrison,TE,DEN,14,0,0,0,0,0,0,0,5.237,81.315,0.397,0,0,0,0,0,0,0,0,0,0,0,0,0,0,0
CBS,Javon Walker,TE,DAL,13,0,0,0,0,0,0,0,5.191,65.803,0.486,0,0,0,0,0,0,0,0,0,0,0,0,0,0,0
ESPN,Javon Walker,TE,DAL,13,0,0,0,0,0,0,0,4.906,66.02,0.397,0,0,0,0,0,0,0,0,0,0,0,0,0,0,0
FantasyPros,Javon Walker,TE,DAL,13,0,0,0,0,0,0,0,4.575,62.934,0.519,0,0,0,0,0,0,0,0,0,0,0,0,0,0,0
FFToday,Javon Walker,TE,DAL,13,0,0,0,0,0,0,0,5.94,56.16,0.438,0,0,0,0,0,0,0,0,0,0,0,0,0,0,0
NumberFire,Javon Walker,TE,DAL,13,0,0,0,0,0,0,0,5.24,61.392,0.246,0,0,0,0,0,0,0,0,0,0,0,0,0,0,0
NFL,Javon Walker,TE,DAL,13,0,0,0,0,0,0,0,6.012,69.042,0.404,0,0,0,0,0,0,0,0,0,0,0,0,0,0,0
CBS,Javon Hill,TE,BUF,8,0,0,0,0,0,0,0,4.89,57.744,0.429,0,0,0,0,0,0,0,0,0,0,0,0,0,0,0
ESPN,Javon Hill,TE,BUF,8,0,0,0,0,0,0,0,5.239,53.203,0.394,0,0,0,0,0,0,0,0,0,0,0,0,0,0,0
FantasyPros,Javon Hill,TE,BUF,8,0,0,0,0,0,0,0,5.457,48.856,0.418,0,0,0,0,0,0,0,0,0,0,0,0,0,0,0
FFToday,Javon Hill,TE,BUF,8,0,0,0,0,0,0,0,4.613,48.609,0.333,0,0,0,0,0,0,0,0,0,0,0,0,0,0,0
NumberFire,Javon Hill,TE,BUF,8,0,0,0,0,0,0,0,4.661,52.325,0.362,0,0,0,0,0,0,0,0,0,0,0,0,0,0,0
NFL,Javon Hill,TE,BUF,8,0,0,0,0,0,0,0,3.752,53.019,0.371,0,0,0,0,0,0,0,0,0,0,0,0,0,0,0
CBS,Zay Worthy,TE,LAR,12,0,0,0,0,0,0,0,3.576,39.175,0.318,0,0,0,0,0,0,0,0,0,0,0,0,0,0,0
ESPN,Zay Worthy,TE,LAR,12,0,0,0,0,0,0,0,4.206,49.119,0.363,0,0,0,0,0,0,0,0,0,0,0,0,0,0,0
FantasyPros,Zay Worthy,TE,LAR,12,0,0,0,0,0,0,0,4.569,57.488,0.347,0,0,0,0,0,0,0,0,0,0,0,0,0,0,0
FFToday,Zay Worthy,TE,LAR,12,0,0,0,0,0,0,0,3.908,49.275,0.32,0,0,0,0,0,0,0,0,0,0,0,0,0,0,0
NumberFire,Zay Worthy,TE,LAR,12,0,0,0,0,0,0,0,3.51,44.178,0.41,0,0,0,0,0,0,0,0,0,0,0,0,0,0,0
NFL,Zay Worthy,TE,LAR,12,0,0,0,0,0,0,0,4.021,33.849,0.36,0,0,0,0,0,0,0,0,0,0,0,0,0,0,0
CBS,Elic Maye,TE,DAL,13,0,0,0,0,0,0,0,4.258,41.065,0.254,0,0,0,0,0,0,0,0,0,0,0,0,0,0,0
ESPN,Elic Maye,TE,DAL,13,0,0,0,0,0,0,0,3.467,39.119,0.296,0,0,0,0,0,0,0,0,0,0,0,0,0,0,0
FantasyPros,Elic Maye,TE,DAL,13,0,0,0,0,0,0,0,3.977,41.082,0.293,0,0,0,0,0,0,0,0,0,0,0,0,0,0,0
FFToday,Elic Maye,TE,DAL,13,0,0,0,0,0,0,0,3.28,47.689,0.292,0,0,0,0,0,0,0,0,0,0,0,0,0,0,0
NumberFire,Elic Maye,TE,DAL,13,0,0,0,0,0,0,0,3.838,39.752,0.317,0,0,0,0,0,0,0,0,0,0,0,0,0,0,0
NFL,Elic Maye,TE,DAL,13,0,0,0,0,0,0,0,3.191,36.812,0.312,0,0,0,0,0,0,0,0,0,0,0,0,0,0,0
CBS,Tucker Bowers,TE,DAL,13,0,0,0,0,0,0,0,2.9,29.645,0.328,0,0,0,0,0,0,0,0,0,0,0,0,0,0,0
ESPN,Tucker Bowers,TE,DAL,13,0,0,0,0,0,0,0,2.901,26.956,0.251,0,0,0,0,0,0,0,0,0,0,0,0,0,0,0
FantasyPros,Tucker Bowers,TE,DAL,13,0,0,0,0,0,0,0,2.394,21.819,0.204,0,0,0,0,0,0,0,0,0,0,0,0,0,0,0
FFToday,Tucker Bowers,TE,DAL,13,0,0,0,0,0,0,0,2.988,34.87,0.231,0,0,0,0,0,0,0,0,0,0,0,0,0,0,0
NumberFire,Tucker Bowers,TE,DAL,13,0,0,0,0,0,0,0,3.107,29.922,0.244,0,0,0,0,0,0,0,0,0,0,0,0,0,0,0
NFL,Tucker Bowers,TE,DAL,13,0,0,0,0,0,0,0,3.476,38.187,0.227,0,0,0,0,0,0,0,0,0,0,0,0,0,0,0
CBS,Elic Adams,TE,GB,6,0,0,0,0,0,0,0,2.256,30.672,0.227,0,0,0,0,0,0,0,0,0,0,0,0,0,0,0
ESPN,Elic Adams,TE,GB,6,0,0,0,0,0,0,0,2.288,26.475,0.233,0,0,0,0,0,0,0,0,0,0,0,0,0,0,0
FantasyPros,Elic Adams,TE,GB,6,0,0,0,0,0,0,0,2.354,32.224,0.247,0,0,0,0,0,0,0,0,0,0,0,0,0,0,0
FFToday,Elic Adams,TE,GB,6,0,0,0,0,0,0,0,2.496,30.15,0.156,0,0,0,0,0,0,0,0,0,0,0,0,0,0,0
NumberFire,Elic Adams,TE,GB,6,0,0,0,0,0,0,0,2.53,29.216,0.266,0,0,0,0,0,0,0,0,0,0,0,0,0,0,0
NFL,Elic Adams,TE,GB,6,0,0,0,0,0,0,0,2.159,37.078,0.237,0,0,0,0,0,0,0,0,0,0,0,0,0,0,0
CBS,Ainias Harrison,TE,GB,6,0,0,0,0,0,0,0,1.827,20.759,0.16,0,0,0,0,0,0,0,0,0,0,0,0,0,0,0
ESPN,Ainias Harrison,TE,GB,6,0,0,0,0,0,0,0,1.932,21.508,0.229,0,0,0,0,0,0,0,0,0,0,0,0,0,0,0
FantasyPros,Ainias Harrison,TE,GB,6,0,0,0,0,0,0,0,2.103,22.134,0.21,0,0,0,0,0,0,0,0,0,0,0,0,0,0,0
FFToday,Ainias Harrison,TE,GB,6,0,0,0,0,0,0,0,2.429,28.705,0.187,0,0,0,0,0,0,0,0,0,0,0,0,0,0,0
NumberFire,Ainias Harrison,TE,GB,6,0,0,0,0,0,0,0,1.938,27.989,0.178,0,0,0,0,0,0,0,0,0,0,0,0,0,0,0
NFL,Ainias Harrison,TE,GB,6,0,0,0,0,0,0,0,1.927,22.603,0.123,0,0,0,0,0,0,0,0,0,0,0,0,0,0,0
CBS,Troy Pollard,TE,PIT,11,0,0,0,0,0,0,0,2.337,26.585,0.176,0,0,0,0,0,0,0,0,0,0,0,0,0,0,0
ESPN,Troy Pollard,TE,PIT,11,0,0,0,0,0,0,0,1.866,22.992,0.181,0,0,0,0,0,0,0,0,0,0,0,0,0,0,0
FantasyPros,Troy Pollard,TE,PIT,11,0,0,0,0,0,0,0,1.752,25.449,0.163,0,0,0,0,0,0,0,0,0,0,0,0,0,0,0
FFToday,Troy Pollard,TE,PIT,11,0,0,0,0,0,0,0,2.303,13.577,0.136,0,0,0,0,0,0,0,0,0,0,0,0,0,0,0
NumberFire,Troy Pollard,TE,PIT,11,0,0,0,0,0,0,0,2.478,22.264,0.191,0,0,0,0,0,0,0,0,0,0,0,0,0,0,0
NFL,Troy Pollard,TE,PIT,11,0,0,0,0,0,0,0,1.9,23.893,0.181,0,0,0,0,0,0,0,0,0,0,0,0,0,0,0
CBS,Marvin Jefferson,TE,WAS,6,0,0,0,0,0,0,0,1.817,19.868,0.13,0,0,0,0,0,0,0,0,0,0,0,0,0,0,0
ESPN,Marvin Jefferson,TE,WAS,6,0,0,0,0,0,0,0,1.909,21.823,0.128,0,0,0,0,0,0,0,0,0,0,0,0,0,0,0
FantasyPros,Marvin Jefferson,TE,WAS,6,0,0,0,0,0,0,0,1.625,14.273,0.171,0,0,0,0,0,0,0,0,0,0,0,0,0,0,0
FFToday,Marvin Jefferson,TE,WAS,6,0,0,0,0,0,0,0,1.88,22.169,0.161,0,0,0,0,0,0,0,0,0,0,0,0,0,0,0
NumberFire,Marvin Jefferson,TE,WAS,6,0,0,0,0,0,0,0,1.982,21.347,0.159,0,0,0,0,0,0,0,0,0,0,0,0,0,0,0
NFL,Marvin Jefferson,TE,WAS,6,0,0,0,0,0,0,0,1.911,19.139,0.148,0,0,0,0,0,0,0,0,0,0,0,0,0,0,0
CBS,Kyren Estime,TE,MIA,14,0,0,0,0,0,0,0,1.319,15.911,0.102,0,0,0,0,0,0,0,0,0,0,0,0,0,0,0
ESPN,Kyren Estime,TE,MIA,14,0,0,0,0,0,0,0,1.218,13.075,0.112,0,0,0,0,0,0,0,0,0,0,0,0,0,0,0
FantasyPros,Kyren Estime,TE,MIA,14,0,0,0,0,0,0,0,1.473,15.625,0.141,0,0,0,0,0,0,0,0,0,0,0,0,0,0,0
FFToday,Kyren Estime,TE,MIA,14,0,0,0,0,0,0,0,1.04,19.224,0.125,0,0,0,0,0,0,0,0,0,0,0,0,0,0,0
NumberFire,Kyren Estime,TE,MIA,14,0,0,0,0,0,0,0,1.136,15.09,0.121,0,0,0,0,0,0,0,0,0,0,0,0,0,0,0
NFL,Kyren Estime,TE,MIA,14,0,0,0,0,0,0,0,1.602,18.626,0.166,0,0,0,0,0,0,0,0,0,0,0,0,0,0,0
CBS,Marvin Wilson,TE,NYG,8,0,0,0,0,0,0,0,1.371,13.277,0.082,0,0,0,0,0,0,0,0,0,0,0,0,0,0,0
ESPN,Marvin Wilson,TE,NYG,8,0,0,0,0,0,0,0,1.625,12.602,0.096,0,0,0,0,0,0,0,0,0,0,0,0,0,0,0
FantasyPros,Marvin Wilson,TE,NYG,8,0,0,0,0,0,0,0,1.193,18.461,0.112,0,0,0,0,0,0,0,0,0,0,0,0,0,0,0
FFToday,Marvin Wilson,TE,NYG,8,0,0,0,0,0,0,0,1.807,14.546,0.102,0,0,0,0,0,0,0,0,0,0,0,0,0,0,0
NumberFire,Marvin Wilson,TE,NYG,8,0,0,0,0,0,0,0,1.287,15.69,0.092,0,0,0,0,0,0,0,0,0,0,0,0,0,0,0
NFL,Marvin Wilson,TE,NYG,8,0,0,0,0,0,0,0,1.273,15.988,0.089,0,0,0,0,0,0,0,0,0,0,0,0,0,0,0
CBS,Chase Allen,TE,TB,14,0,0,0,0,0,0,0,0.849,13.178,0.072,0,0,0,0,0,0,0,0,0,0,0,0,0,0,0
ESPN,Chase Allen,TE,TB,14,0,0,0,0,0,0,0,1.166,10.554,0.083,0,0,0,0,0,0,0,0,0,0,0,0,0,0,0
FantasyPros,Chase Allen,TE,TB,14,0,0,0,0,0,0,0,1.214,12.325,0.08,0,0,0,0,0,0,0,0,0,0,0,0,0,0,0
FFToday,Chase Allen,TE,TB,14,0,0,0,0,0,0,0,1.178,9.749,0.106,0,0,0,0,0,0,0,0,0,0,0,0,0,0,0
NumberFire,Chase Allen,TE,TB,14,0,0,0,0,0,0,0,1.476,9.992,0.096,0,0,0,0,0,0,0,0,0,0,0,0,0,0,0
NFL,Chase Allen,TE,TB,14,0,0,0,0,0,0,0,1.295,12.808,0.087,0,0,0,0,0,0,0,0,0,0,0,0,0,0,0
CBS,Grant Estime,K,DEN,14,0,0,0,0,0,0,0,0,0,0,38.777,0.277,6.526,8.696,6.997,3.495,4.503,0,0,0,0,0,0,0,0
ESPN,Grant Estime,K,DEN,14,0,0,0,0,0,0,0,0,0,0,34.958,0.316,6.111,8.741,6.733,3.618,4.914,0,0,0,0,0,0,0,0
FantasyPros,Grant Estime,K,DEN,14,0,0,0,0,0,0,0,0,0,0,36.25,0.28,6.383,9.215,6.959,3.547,4.55,0,0,0,0,0,0,0,0
FFToday,Grant Estime,K,DEN,14,0,0,0,0,0,0,0,0,0,0,36.22,0.293,5.656,9.569,7.003,3.268,4.444,0,0,0,0,0,0,0,0
NumberFire,Grant Estime,K,DEN,14,0,0,0,0,0,0,0,0,0,0,39.823,0.31,5.351,8.296,6.222,3.546,4.585,0,0,0,0,0,0,0,0
NFL,Grant Estime,K,DEN,14,0,0,0,0,0,0,0,0,0,0,38.15,0.307,5.155,8.443,6.787,3.018,4.626,0,0,0,0,0,0,0,0
CBS,Emeka Robinson,K,BAL,7,0,0,0,0,0,0,0,0,0,0,36.598,0.315,6.271,9.151,7.457,3.11,4.421,0,0,0,0,0,0,0,0
ESPN,Emeka Robinson,K,BAL,7,0,0,0,0,0,0,0,0,0,0,35.08,0.28,5.515,8.892,6.431,2.987,4.566,0,0,0,0,0,0,0,0
FantasyPros,Emeka Robinson,K,BAL,7,0,0,0,0,0,0,0,0,0,0,35.954,0.28,6.027,9.284,6.788,3.471,4.62,0,0,0,0,0,0,0,0
FFToday,Emeka Robinson,K,BAL,7,0,0,0,0,0,0,0,0,0,0,34.279,0.305,5.878,8.563,7.209,3.569,4.296,0,0,0,0,0,0,0,0
NumberFire,Emeka Robinson,K,BAL,7,0,0,0,0,0,0,0,0,0,0,36.242,0.305,6.19,9.21,6.824,3.316,4.687,0,0,0,0,0,0,0,0
NFL,Emeka Robinson,K,BAL,7,0,0,0,0,0,0,0,0,0,0,33.797,0.282,5.474,8.819,6.484,3.176,4.68,0,0,0,0,0,0,0,0
CBS,Tyreek Maye,K,BUF,8,0,0,0,0,0,0,0,0,0,0,35.818,0.28,5.968,8.884,6.214,3.22,4.445,0,0,0,0,0,0,0,0
ESPN,Tyreek Maye,K,BUF,8,0,0,0,0,0,0,0,0,0,0,34.261,0.278,5.262,8.905,6.26,3.239,4.129,0,0,0,0,0,0,0,0
FantasyPros,Tyreek Maye,K,BUF,8,0,0,0,0,0,0,0,0,0,0,33.794,0.299,5.802,7.356,6.072,3.496,4.667,0,0,0,0,0,0,0,0
FFToday,Tyreek Maye,K,BUF,8,0,0,0,0,0,0,0,0,0,0,35.299,0.292,6.053,9.296,6.426,3.205,4.419,0,0,0,0,0,0,0,0
NumberFire,Tyreek Maye,K,BUF,8,0,0,0,0,0,0,0,0,0,0,36.447,0.304,6.39,8.821,6.99,3.219,4.685,0,0,0,0,0,0,0,0
NFL,Tyreek Maye,K,BUF,8,0,0,0,0,0,0,0,0,0,0,35.578,0.27,5.845,9.397,6.208,3.2,4.602,0,0,0,0,0,0,0,0
CBS,Jaxon Jefferson,K,LAC,11,0,0,0,0,0,0,0,0,0,0,32.95,0.281,5.753,8.423,6.548,2.987,4.84,0,0,0,0,0,0,0,0
ESPN,Jaxon Jefferson,K,LAC,11,0,0,0,0,0,0,0,0,0,0,33.866,0.288,5.977,8.761,6.207,3.218,4.535,0,0,0,0,0,0,0,0
FantasyPros,Jaxon Jefferson,K,LAC,11,0,0,0,0,0,0,0,0,0,0,35.282,0.281,5.379,8.389,6.334,3.054,4.541,0,0,0,0,0,0,0,0
FFToday,Jaxon Jefferson,K,LAC,11,0,0,0,0,0,0,0,0,0,0,33.433,0.311,5.005,8.603,6.881,3.139,4.667,0,0,0,0,0,0,0,0
NumberFire,Jaxon Jefferson,K,LAC,11,0,0,0,0,0,0,0,0,0,0,36.042,0.256,5.713,7.953,6.118,3.265,4.358,0,0,0,0,0,0,0,0
NFL,Jaxon Jefferson,K,LAC,11,0,0,0,0,0,0,0,0,0,0,33.827,0.311,5.6,9.466,6.939,2.387,4.335,0,0,0,0,0,0,0,0
CBS,Keon Franklin,K,DET,5,0,0,0,0,0,0,0,0,0,0,32.024,0.293,6.005,8.615,6.701,3.482,4.464,0,0,0,0,0,0,0,0
ESPN,Keon Franklin,K,DET,5,0,0,0,0,0,0,0,0,0,0,35.445,0.328,5.41,8.637,6.456,3.259,4.436,0,0,0,0,0,0,0,0
FantasyPros,Keon Franklin,K,DET,5,0,0,0,0,0,0,0,0,0,0,35.234,0.279,5.364,8.85,7.473,3.334,4.687,0,0,0,0,0,0,0,0
FFToday,Keon Franklin,K,DET,5,0,0,0,0,0,0,0,0,0,0,31.967,0.259,5.651,8.821,6.426,3.096,4.59,0,0,0,0,0,0,0,0
NumberFire,Keon Franklin,K,DET,5,0,0,0,0,0,0,0,0,0,0,34.375,0.298,5.639,8.115,6.253,3.098,4.759,0,0,0,0,0,0,0,0
NFL,Keon Franklin,K,DET,5,0,0,0,0,0,0,0,0,0,0,34.366,0.286,5.443,8.045,6.475,3.613,4.93,0,0,0,0,0,0,0,0
CBS,Caleb Mason,K,CHI,10,0,0,0,0,0,0,0,0,0,0,32.421,0.272,5.918,9.443,7.187,2.684,4.673,0,0,0,0,0,0,0,0
ESPN,Caleb Mason,K,CHI,10,0,0,0,0,0,0,0,0,0,0,34.806,0.26,5.754,8.5,6.765,2.99,4.332,0,0,0,0,0,0,0,0
FantasyPros,Caleb Mason,K,CHI,10,0,0,0,0,0,0,0,0,0,0,37.896,0.276,5.901,9.45,6.363,3.045,5.166,0,0,0,0,0,0,0,0
FFToday,Caleb Mason,K,CHI,10,0,0,0,0,0,0,0,0,0,0,36.833,0.299,5.366,7.791,6.273,2.994,4.83,0,0,0,0,0,0,0,0
NumberFire,Caleb Mason,K,CHI,10,0,0,0,0,0,0,0,0,0,0,30.637,0.266,5.524,8.16,5.686,2.923,4.672,0,0,0,0,0,0,0,0
NFL,Caleb Mason,K,CHI,10,0,0,0,0,0,0,0,0,0,0,30.716,0.284,5.239,7.848,6.064,2.988,4.735,0,0,0,0,0,0,0,0
CBS,Brock Coleman,K,SEA,12,0,0,0,0,0,0,0,0,0,0,32.073,0.259,5.232,8.763,6.252,2.991,4.781,0,0,0,0,0,0,0,0
ESPN,Brock Coleman,K,SEA,12,0,0,0,0,0,0,0,0,0,0,24.949,0.302,5.417,7.798,6.71,2.747,4.264,0,0,0,0,0,0,0,0
FantasyPros,Brock Coleman,K,SEA,12,0,0,0,0,0,0,0,0,0,0,35.528,0.283,5.094,8.0,6.356,2.818,4.715,0,0,0,0,0,0,0,0
FFToday,Brock Coleman,K,SEA,12,0,0,0,0,0,0,0,0,0,0,34.535,0.245,5.789,8.162,5.964,3.324,4.927,0,0,0,0,0,0,0,0
NumberFire,Brock Coleman,K,SEA,12,0,0,0,0,0,0,0,0,0,0,30.482,0.274,5.682,8.263,6.436,3.372,4.48,0,0,0,0,0,0,0,0
NFL,Brock Coleman,K,SEA,12,0,0,0,0,0,0,0,0,0,0,33.052,0.263,6.591,8.179,5.888,2.816,4.09,0,0,0,0,0,0,0,0
CBS,Drake Penix,K,WAS,6,0,0,0,0,0,0,0,0,0,0,36.382,0.266,5.648,8.728,6.277,3.107,5.098,0,0,0,0,0,0,0,0
ESPN,Drake Penix,K,WAS,6,0,0,0,0,0,0,0,0,0,0,31.148,0.268,5.53,8.869,6.185,3.256,4.317,0,0,0,0,0,0,0,0
FantasyPros,Drake Penix,K,WAS,6,0,0,0,0,0,0,0,0,0,0,28.673,0.245,5.044,8.422,6.651,2.972,5.053,0,0,0,0,0,0,0,0
FFToday,Drake Penix,K,WAS,6,0,0,0,0,0,0,0,0,0,0,30.109,0.277,5.514,8.325,6.063,3.446,3.901,0,0,0,0,0,0,0,0
NumberFire,Drake Penix,K,WAS,6,0,0,0,0,0,0,0,0,0,0,32.689,0.264,5.481,8.526,6.498,2.829,4.78,0,0,0,0,0,0,0,0
NFL,Drake Penix,K,WAS,6,0,0,0,0,0,0,0,0,0,0,29.607,0.287,5.094,7.411,6.111,2.723,5.11,0,0,0,0,0,0,0,0
CBS,Marvin Spears,K,DET,5,0,0,0,0,0,0,0,0,0,0,29.28,0.264,5.951,7.954,5.64,2.931,4.743,0,0,0,0,0,0,0,0
ESPN,Marvin Spears,K,DET,5,0,0,0,0,0,0,0,0,0,0,31.598,0.292,5.207,7.554,5.336,2.921,4.633,0,0,0,0,0,0,0,0
FantasyPros,Marvin Spears,K,DET,5,0,0,0,0,0,0,0,0,0,0,32.748,0.261,5.442,8.002,6.052,3.109,4.499,0,0,0,0,0,0,0,0
FFToday,Marvin Spears,K,DET,5,0,0,0,0,0,0,0,0,0,0,30.115,0.257,5.527,7.586,5.531,2.769,4.395,0,0,0,0,0,0,0,0
NumberFire,Marvin Spears,K,DET,5,0,0,0,0,0,0,0,0,0,0,30.232,0.258,4.992,7.703,6.433,2.763,5.481,0,0,0,0,0,0,0,0
NFL,Marvin Spears,K,DET,5,0,0,0,0,0,0,0,0,0,0,32.669,0.253,5.502,7.97,5.792,2.807,4.632,0,0,0,0,0,0,0,0
CBS,Tucker Penix,K,SEA,12,0,0,0,0,0,0,0,0,0,0,33.772,0.264,4.43,7.723,6.43,3.306,5.301,0,0,0,0,0,0,0,0
ESPN,Tucker Penix,K,SEA,12,0,0,0,0,0,0,0,0,0,0,26.724,0.268,4.971,8.393,5.796,3.308,4.794,0,0,0,0,0,0,0,0
FantasyPros,Tucker Penix,K,SEA,12,0,0,0,0,0,0,0,0,0,0,31.209,0.269,5.164,7.353,5.882,3.198,4.776,0,0,0,0,0,0,0,0
FFToday,Tucker Penix,K,SEA,12,0,0,0,0,0,0,0,0,0,0,33.041,0.258,5.101,8.602,6.303,3.219,4.58,0,0,0,0,0,0,0,0
NumberFire,Tucker Penix,K,SEA,12,0,0,0,0,0,0,0,0,0,0,31.233,0.266,5.629,7.861,5.189,2.378,5.088,0,0,0,0,0,0,0,0
NFL,Tucker Penix,K,SEA,12,0,0,0,0,0,0,0,0,0,0,34.927,0.288,5.138,7.002,6.286,3.178,5.041,0,0,0,0,0,0,0,0
CBS,Zay Swift,K,IND,8,0,0,0,0,0,0,0,0,0,0,31.721,0.27,5.257,7.603,6.0,2.865,4.758,0,0,0,0,0,0,0,0
ESPN,Zay Swift,K,IND,8,0,0,0,0,0,0,0,0,0,0,26.197,0.272,5.423,6.495,4.501,3.142,5.218,0,0,0,0,0,0,0,0
FantasyPros,Zay Swift,K,IND,8,0,0,0,0,0,0,0,0,0,0,33.021,0.284,5.197,7.111,5.387,2.894,4.941,0,0,0,0,0,0,0,0
FFToday,Zay Swift,K,IND,8,0,0,0,0,0,0,0,0,0,0,30.251,0.221,5.095,8.067,5.239,2.742,4.881,0,0,0,0,0,0,0,0
NumberFire,Zay Swift,K,IND,8,0,0,0,0,0,0,0,0,0,0,32.136,0.238,4.971,7.073,6.039,2.963,4.976,0,0,0,0,0,0,0,0
NFL,Zay Swift,K,IND,8,0,0,0,0,0,0,0,0,0,0,29.006,0.278,5.379,7.955,5.549,2.439,4.841,0,0,0,0,0,0,0,0
CBS,Braelon Etienne,K,SF,13,0,0,0,0,0,0,0,0,0,0,31.975,0.244,4.883,7.459,5.991,2.585,5.516,0,0,0,0,0,0,0,0
ESPN,Braelon Etienne,K,SF,13,0,0,0,0,0,0,0,0,0,0,23.914,0.272,5.325,6.335,6.426,2.835,4.736,0,0,0,0,0,0,0,0
FantasyPros,Braelon Etienne,K,SF,13,0,0,0,0,0,0,0,0,0,0,26.44,0.209,4.96,8.098,5.935,2.961,4.815,0,0,0,0,0,0,0,0
FFToday,Braelon Etienne,K,SF,13,0,0,0,0,0,0,0,0,0,0,34.182,0.291,4.37,7.616,6.363,2.89,4.695,0,0,0,0,0,0,0,0
NumberFire,Braelon Etienne,K,SF,13,0,0,0,0,0,0,0,0,0,0,25.34,0.258,5.171,9.046,6.145,2.487,4.523,0,0,0,0,0,0,0,0
NFL,Braelon Etienne,K,SF,13,0,0,0,0,0,0,0,0,0,0,27.934,0.27,4.838,6.908,6.596,2.551,5.533,0,0,0,0,0,0,0,0
CBS,Amari Legette,K,TEN,5,0,0,0,0,0,0,0,0,0,0,27.104,0.221,4.269,7.348,6.057,2.331,4.402,0,0,0,0,0,0,0,0
ESPN,Amari Legette,K,TEN,5,0,0,0,0,0,0,0,0,0,0,28.114,0.232,5.235,6.552,5.588,2.516,5.126,0,0,0,0,0,0,0,0
FantasyPros,Amari Legette,K,TEN,5,0,0,0,0,0,0,0,0,0,0,25.364,0.256,4.707,7.389,6.451,2.824,4.908,0,0,0,0,0,0,0,0
FFToday,Amari Legette,K,TEN,5,0,0,0,0,0,0,0,0,0,0,29.258,0.262,4.566,7.338,5.077,2.745,4.404,0,0,0,0,0,0,0,0
NumberFire,Amari Legette,K,TEN,5,0,0,0,0,0,0,0,0,0,0,32.703,0.218,4.25,6.777,4.615,2.733,5.322,0,0,0,0,0,0,0,0
NFL,Amari Legette,K,TEN,5,0,0,0,0,0,0,0,0,0,0,30.038,0.269,4.845,7.999,6.175,2.796,4.039,0,0,0,0,0,0,0,0
CBS,Bijan Wilson,K,HOU,7,0,0,0,0,0,0,0,0,0,0,26.446,0.255,4.143,7.131,5.22,3.098,5.391,0,0,0,0,0,0,0,0
ESPN,Bijan Wilson,K,HOU,7,0,0,0,0,0,0,0,0,0,0,29.887,0.224,5.419,7.349,5.664,2.652,4.692,0,0,0,0,0,0,0,0
FantasyPros,Bijan Wilson,K,HOU,7,0,0,0,0,0,0,0,0,0,0,27.762,0.204,5.556,7.007,5.414,2.885,5.027,0,0,0,0,0,0,0,0
FFToday,Bijan Wilson,K,HOU,7,0,0,0,0,0,0,0,0,0,0,19.974,0.26,4.724,6.737,5.52,2.332,4.626,0,0,0,0,0,0,0,0
NumberFire,Bijan Wilson,K,HOU,7,0,0,0,0,0,0,0,0,0,0,28.012,0.233,4.967,7.9,5.187,2.957,5.72,0,0,0,0,0,0,0,0
NFL,Bijan Wilson,K,HOU,7,0,0,0,0,0,0,0,0,0,0,26.218,0.222,4.318,8.086,4.41,2.625,4.571,0,0,0,0,0,0,0,0
CBS,Elic Bowers,K,NO,7,0,0,0,0,0,0,0,0,0,0,28.818,0.247,4.965,7.681,6.005,2.415,5.204,0,0,0,0,0,0,0,0
ESPN,Elic Bowers,K,NO,7,0,0,0,0,0,0,0,0,0,0,28.11,0.225,3.989,6.403,6.143,2.984,4.531,0,0,0,0,0,0,0,0
FantasyPros,Elic Bowers,K,NO,7,0,0,0,0,0,0,0,0,0,0,24.311,0.278,4.653,7.58,4.519,2.319,4.739,0,0,0,0,0,0,0,0
FFToday,Elic Bowers,K,NO,7,0,0,0,0,0,0,0,0,0,0,27.22,0.218,4.752,6.881,5.688,2.895,4.682,0,0,0,0,0,0,0,0
NumberFire,Elic Bowers,K,NO,7,0,0,0,0,0,0,0,0,0,0,28.244,0.2,4.953,6.931,5.587,2.473,4.328,0,0,0,0,0,0,0,0
NFL,Elic Bowers,K,NO,7,0,0,0,0,0,0,0,0,0,0,27.152,0.225,4.693,7.883,5.772,2.957,3.813,0,0,0,0,0,0,0,0
CBS,Malik Legette,K,CLE,12,0,0,0,0,0,0,0,0,0,0,29.513,0.212,4.688,7.48,5.472,2.9,5.38,0,0,0,0,0,0,0,0
ESPN,Malik Legette,K,CLE,12,0,0,0,0,0,0,0,0,0,0,30.641,0.217,4.281,7.874,5.623,2.974,4.57,0,0,0,0,0,0,0,0
FantasyPros,Malik Legette,K,CLE,12,0,0,0,0,0,0,0,0,0,0,28.617,0.236,5.049,7.684,5.615,2.537,4.919,0,0,0,0,0,0,0,0
FFToday,Malik Legette,K,CLE,12,0,0,0,0,0,0,0,0,0,0,31.023,0.218,4.811,7.129,6.298,2.646,5.08,0,0,0,0,0,0,0,0
NumberFire,Malik Legette,K,CLE,12,0,0,0,0,0,0,0,0,0,0,27.172,0.202,5.028,7.159,5.104,2.557,5.977,0,0,0,0,0,0,0,0
NFL,Malik Legette,K,CLE,12,0,0,0,0,0,0,0,0,0,0,30.676,0.234,4.005,7.101,5.16,2.587,4.47,0,0,0,0,0,0,0,0
CBS,Xavier Spears,K,SEA,12,0,0,0,0,0,0,0,0,0,0,27.564,0.207,5.285,7.663,5.228,2.393,4.896,0,0,0,0,0,0,0,0
ESPN,Xavier Spears,K,SEA,12,0,0,0,0,0,0,0,0,0,0,24.567,0.216,4.014,7.718,4.821,2.431,4.373,0,0,0,0,0,0,0,0
FantasyPros,Xavier Spears,K,SEA,12,0,0,0,0,0,0,0,0,0,0,25.399,0.232,4.684,6.405,6.415,2.621,4.911,0,0,0,0,0,0,0,0
FFToday,Xavier Spears,K,SEA,12,0,0,0,0,0,0,0,0,0,0,29.58,0.256,4.35,5.626,4.547,2.781,5.676,0,0,0,0,0,0,0,0
NumberFire,Xavier Spears,K,SEA,12,0,0,0,0,0,0,0,0,0,0,26.077,0.223,4.716,7.678,5.112,2.559,4.646,0,0,0,0,0,0,0,0
NFL,Xavier Spears,K,SEA,12,0,0,0,0,0,0,0,0,0,0,27.704,0.19,4.461,7.021,5.19,2.58,4.403,0,0,0,0,0,0,0,0
CBS,Braelon Harrison,K,ATL,6,0,0,0,0,0,0,0,0,0,0,30.405,0.212,4.262,6.653,5.307,2.558,5.071,0,0,0,0,0,0,0,0
ESPN,Braelon Harrison,K,ATL,6,0,0,0,0,0,0,0,0,0,0,27.542,0.235,4.982,6.127,4.624,2.668,4.749,0,0,0,0,0,0,0,0
FantasyPros,Braelon Harrison,K,ATL,6,0,0,0,0,0,0,0,0,0,0,21.34,0.228,4.074,6.664,6.281,2.644,5.623,0,0,0,0,0,0,0,0
FFToday,Braelon Harrison,K,ATL,6,0,0,0,0,0,0,0,0,0,0,27.466,0.192,4.803,7.276,4.675,2.772,4.734,0,0,0,0,0,0,0,0
NumberFire,Braelon Harrison,K,ATL,6,0,0,0,0,0,0,0,0,0,0,29.223,0.217,3.958,7.095,5.503,2.266,4.993,0,0,0,0,0,0,0,0
NFL,Braelon Harrison,K,ATL,6,0,0,0,0,0,0,0,0,0,0,23.684,0.181,4.197,7.215,4.958,2.708,4.658,0,0,0,0,0,0,0,0
CBS,Tank Penix,K,LAR,12,0,0,0,0,0,0,0,0,0,0,28.782,0.198,3.783,5.149,5.838,2.15,4.749,0,0,0,0,0,0,0,0
ESPN,Tank Penix,K,LAR,12,0,0,0,0,0,0,0,0,0,0,23.0,0.205,4.093,6.369,5.524,2.681,4.68,0,0,0,0,0,0,0,0
FantasyPros,Tank Penix,K,LAR,12,0,0,0,0,0,0,0,0,0,0,29.988,0.226,4.283,7.655,5.427,2.109,5.484,0,0,0,0,0,0,0,0
FFToday,Tank Penix,K,LAR,12,0,0,0,0,0,0,0,0,0,0,25.431,0.252,4.207,7.455,4.928,2.638,5.993,0,0,0,0,0,0,0,0
NumberFire,Tank Penix,K,LAR,12,0,0,0,0,0,0,0,0,0,0,25.672,0.195,4.065,7.344,4.387,2.617,5.976,0,0,0,0,0,0,0,0
NFL,Tank Penix,K,LAR,12,0,0,0,0,0,0,0,0,0,0,23.68,0.178,4.467,6.494,5.063,2.407,4.93,0,0,0,0,0,0,0,0
CBS,Marcus Benson,K,PHI,10,0,0,0,0,0,0,0,0,0,0,29.939,0.216,4.659,5.925,4.976,2.609,4.483,0,0,0,0,0,0,0,0
ESPN,Marcus Benson,K,PHI,10,0,0,0,0,0,0,0,0,0,0,27.434,0.226,4.236,6.635,5.319,2.374,5.315,0,0,0,0,0,0,0,0
FantasyPros,Marcus Benson,K,PHI,10,0,0,0,0,0,0,0,0,0,0,24.688,0.215,4.135,6.204,4.669,2.512,4.017,0,0,0,0,0,0,0,0
FFToday,Marcus Benson,K,PHI,10,0,0,0,0,0,0,0,0,0,0,30.559,0.212,5.117,6.975,4.591,3.021,5.314,0,0,0,0,0,0,0,0
NumberFire,Marcus Benson,K,PHI,10,0,0,0,0,0,0,0,0,0,0,18.739,0.251,4.137,7.276,4.654,2.401,5.248,0,0,0,0,0,0,0,0
NFL,Marcus Benson,K,PHI,10,0,0,0,0,0,0,0,0,0,0,28.288,0.177,4.513,6.779,4.765,2.373,4.438,0,0,0,0,0,0,0,0
CBS,Rashee Maye,K,TB,14,0,0,0,0,0,0,0,0,0,0,22.913,0.199,3.621,6.8,4.909,2.609,4.575,0,0,0,0,0,0,0,0
ESPN,Rashee Maye,K,TB,14,0,0,0,0,0,0,0,0,0,0,22.89,0.241,4.305,7.424,5.854,2.531,4.737,0,0,0,0,0,0,0,0
FantasyPros,Rashee Maye,K,TB,14,0,0,0,0,0,0,0,0,0,0,25.52,0.229,4.245,6.136,4.759,2.472,5.074,0,0,0,0,0,0,0,0
FFToday,Rashee Maye,K,TB,14,0,0,0,0,0,0,0,0,0,0,29.13,0.192,4.7,6.948,5.248,2.081,5.456,0,0,0,0,0,0,0,0
NumberFire,Rashee Maye,K,TB,14,0,0,0,0,0,0,0,0,0,0,24.106,0.194,3.613,5.784,4.882,2.36,4.63,0,0,0,0,0,0,0,0
NFL,Rashee Maye,K,TB,14,0,0,0,0,0,0,0,0,0,0,25.701,0.228,4.418,5.442,4.42,2.016,5.04,0,0,0,0,0,0,0,0
CBS,Chase Hall,K,WAS,6,0,0,0,0,0,0,0,0,0,0,26.542,0.235,3.988,6.645,3.91,2.467,5.555,0,0,0,0,0,0,0,0
ESPN,Chase Hall,K,WAS,6,0,0,0,0,0,0,0,0,0,0,25.193,0.222,4.849,5.909,4.933,2.258,6.142,0,0,0,0,0,0,0,0
FantasyPros,Chase Hall,K,WAS,6,0,0,0,0,0,0,0,0,0,0,26.662,0.189,4.2,6.528,3.998,2.624,4.957,0,0,0,0,0,0,0,0
FFToday,Chase Hall,K,WAS,6,0,0,0,0,0,0,0,0,0,0,24.191,0.214,3.917,6.824,4.685,2.354,4.653,0,0,0,0,0,0,0,0
NumberFire,Chase Hall,K,WAS,6,0,0,0,0,0,0,0,0,0,0,26.903,0.216,4.515,6.273,5.215,2.624,5.311,0,0,0,0,0,0,0,0
NFL,Chase Hall,K,WAS,6,0,0,0,0,0,0,0,0,0,0,26.654,0.185,3.966,5.766,5.423,2.39,4.708,0,0,0,0,0,0,0,0
CBS,Isaiah Etienne,K,JAX,9,0,0,0,0,0,0,0,0,0,0,24.517,0.187,4.426,6.133,5.345,2.011,5.51,0,0,0,0,0,0,0,0
ESPN,Isaiah Etienne,K,JAX,9,0,0,0,0,0,0,0,0,0,0,20.068,0.225,4.815,6.893,4.348,2.132,4.31,0,0,0,0,0,0,0,0
FantasyPros,Isaiah Etienne,K,JAX,9,0,0,0,0,0,0,0,0,0,0,23.207,0.204,4.545,5.644,3.478,2.855,5.197,0,0,0,0,0,0,0,0
FFToday,Isaiah Etienne,K,JAX,9,0,0,0,0,0,0,0,0,0,0,26.285,0.189,4.858,6.054,4.03,2.491,4.465,0,0,0,0,0,0,0,0
NumberFire,Isaiah Etienne,K,JAX,9,0,0,0,0,0,0,0,0,0,0,24.445,0.201,4.068,6.591,3.711,1.9,5.902,0,0,0,0,0,0,0,0
NFL,Isaiah Etienne,K,JAX,9,0,0,0,0,0,0,0,0,0,0,25.433,0.221,4.041,5.696,5.289,2.515,4.645,0,0,0,0,0,0,0,0
CBS,Elic Mason,K,BUF,8,0,0,0,0,0,0,0,0,0,0,22.808,0.215,3.385,6.461,3.843,1.649,5.531,0,0,0,0,0,0,0,0
ESPN,Elic Mason,K,BUF,8,0,0,0,0,0,0,0,0,0,0,21.208,0.238,2.842,5.955,4.423,3.121,5.291,0,0,0,0,0,0,0,0
FantasyPros,Elic Mason,K,BUF,8,0,0,0,0,0,0,0,0,0,0,26.261,0.221,4.024,5.378,3.897,2.379,4.841,0,0,0,0,0,0,0,0
FFToday,Elic Mason,K,BUF,8,0,0,0,0,0,0,0,0,0,0,18.72,0.188,4.242,6.491,4.915,2.478,5.721,0,0,0,0,0,0,0,0
NumberFire,Elic Mason,K,BUF,8,0,0,0,0,0,0,0,0,0,0,26.27,0.181,4.225,6.287,3.824,2.545,5.747,0,0,0,0,0,0,0,0
NFL,Elic Mason,K,BUF,8,0,0,0,0,0,0,0,0,0,0,21.86,0.247,4.262,5.915,4.513,2.197,5.23,0,0,0,0,0,0,0,0
CBS,Jayden Wilson,K,MIN,5,0,0,0,0,0,0,0,0,0,0,19.318,0.197,3.792,6.915,4.321,2.412,5.825,0,0,0,0,0,0,0,0
ESPN,Jayden Wilson,K,MIN,5,0,0,0,0,0,0,0,0,0,0,23.799,0.232,4.236,6.199,5.501,1.922,5.057,0,0,0,0,0,0,0,0
FantasyPros,Jayden Wilson,K,MIN,5,0,0,0,0,0,0,0,0,0,0,24.904,0.198,4.149,7.615,4.389,2.778,4.884,0,0,0,0,0,0,0,0
FFToday,Jayden Wilson,K,MIN,5,0,0,0,0,0,0,0,0,0,0,23.695,0.198,4.402,6.383,4.849,2.601,4.613,0,0,0,0,0,0,0,0
NumberFire,Jayden Wilson,K,MIN,5,0,0,0,0,0,0,0,0,0,0,22.735,0.222,3.724,6.296,4.491,2.404,5.529,0,0,0,0,0,0,0,0
NFL,Jayden Wilson,K,MIN,5,0,0,0,0,0,0,0,0,0,0,21.144,0.2,3.456,6.507,3.577,2.189,5.547,0,0,0,0,0,0,0,0
CBS,Tucker Maye,K,TB,14,0,0,0,0,0,0,0,0,0,0,19.528,0.22,3.397,5.649,4.24,2.275,5.456,0,0,0,0,0,0,0,0
ESPN,Tucker Maye,K,TB,14,0,0,0,0,0,0,0,0,0,0,23.769,0.189,4.252,4.682,4.299,1.931,5.036,0,0,0,0,0,0,0,0
FantasyPros,Tucker Maye,K,TB,14,0,0,0,0,0,0,0,0,0,0,22.33,0.204,3.851,5.427,4.933,2.436,4.819,0,0,0,0,0,0,0,0
FFToday,Tucker Maye,K,TB,14,0,0,0,0,0,0,0,0,0,0,25.218,0.172,4.312,6.0,4.92,1.879,4.537,0,0,0,0,0,0,0,0
NumberFire,Tucker Maye,K,TB,14,0,0,0,0,0,0,0,0,0,0,26.935,0.185,3.608,7.164,4.382,2.252,5.514,0,0,0,0,0,0,0,0
NFL,Tucker Maye,K,TB,14,0,0,0,0,0,0,0,0,0,0,23.815,0.224,3.237,6.204,3.525,2.153,6.234,0,0,0,0,0,0,0,0
CBS,Rashee Corum,K,CIN,11,0,0,0,0,0,0,0,0,0,0,18.57,0.191,3.962,4.955,3.451,2.139,4.131,0,0,0,0,0,0,0,0
ESPN,Rashee Corum,K,CIN,11,0,0,0,0,0,0,0,0,0,0,22.253,0.174,4.011,6.274,4.859,2.317,5.416,0,0,0,0,0,0,0,0
FantasyPros,Rashee Corum,K,CIN,11,0,0,0,0,0,0,0,0,0,0,18.914,0.21,2.953,5.723,4.645,2.109,5.429,0,0,0,0,0,0,0,0
FFToday,Rashee Corum,K,CIN,11,0,0,0,0,0,0,0,0,0,0,21.866,0.181,3.283,6.359,4.999,2.377,5.844,0,0,0,0,0,0,0,0
NumberFire,Rashee Corum,K,CIN,11,0,0,0,0,0,0,0,0,0,0,21.104,0.223,3.116,6.42,4.577,2.117,5.357,0,0,0,0,0,0,0,0
NFL,Rashee Corum,K,CIN,11,0,0,0,0,0,0,0,0,0,0,21.797,0.197,3.713,5.308,3.726,2.144,4.814,0,0,0,0,0,0,0,0
CBS,Amari Gibbs,K,BAL,7,0,0,0,0,0,0,0,0,0,0,18.875,0.177,4.532,5.254,4.736,2.488,5.319,0,0,0,0,0,0,0,0
ESPN,Amari Gibbs,K,BAL,7,0,0,0,0,0,0,0,0,0,0,21.558,0.199,3.205,5.084,4.203,2.34,5.412,0,0,0,0,0,0,0,0
FantasyPros,Amari Gibbs,K,BAL,7,0,0,0,0,0,0,0,0,0,0,23.016,0.192,4.045,5.678,4.333,2.226,4.813,0,0,0,0,0,0,0,0
FFToday,Amari Gibbs,K,BAL,7,0,0,0,0,0,0,0,0,0,0,26.898,0.215,3.942,5.429,4.49,1.59,4.757,0,0,0,0,0,0,0,0
NumberFire,Amari Gibbs,K,BAL,7,0,0,0,0,0,0,0,0,0,0,22.809,0.206,4.073,5.314,3.903,2.113,5.24,0,0,0,0,0,0,0,0
NFL,Amari Gibbs,K,BAL,7,0,0,0,0,0,0,0,0,0,0,22.45,0.162,3.588,5.476,4.364,2.131,5.483,0,0,0,0,0,0,0,0
CBS,Cooper Irving,K,BAL,7,0,0,0,0,0,0,0,0,0,0,23.425,0.158,3.974,5.721,4.994,2.499,5.131,0,0,0,0,0,0,0,0
ESPN,Cooper Irving,K,BAL,7,0,0,0,0,0,0,0,0,0,0,25.41,0.197,3.268,6.144,4.332,2.236,5.348,0,0,0,0,0,0,0,0
FantasyPros,Cooper Irving,K,BAL,7,0,0,0,0,0,0,0,0,0,0,19.627,0.163,4.23,5.838,4.426,2.2,4.606,0,0,0,0,0,0,0,0
FFToday,Cooper Irving,K,BAL,7,0,0,0,0,0,0,0,0,0,0,23.11,0.148,3.21,5.209,3.888,2.256,5.77,0,0,0,0,0,0,0,0
NumberFire,Cooper Irving,K,BAL,7,0,0,0,0,0,0,0,0,0,0,23.882,0.205,3.743,6.283,4.467,1.977,5.764,0,0,0,0,0,0,0,0
NFL,Cooper Irving,K,BAL,7,0,0,0,0,0,0,0,0,0,0,24.724,0.192,3.985,5.26,4.008,1.626,4.569,0,0,0,0,0,0,0,0
CBS,Jonathon Carter,K,SF,13,0,0,0,0,0,0,0,0,0,0,24.755,0.17,2.86,6.654,4.721,2.292,4.604,0,0,0,0,0,0,0,0
ESPN,Jonathon Carter,K,SF,13,0,0,0,0,0,0,0,0,0,0,22.217,0.179,3.408,5.184,4.499,2.058,6.059,0,0,0,0,0,0,0,0
FantasyPros,Jonathon Carter,K,SF,13,0,0,0,0,0,0,0,0,0,0,20.775,0.212,3.792,4.592,5.126,1.855,4.545,0,0,0,0,0,0,0,0
FFToday,Jonathon Carter,K,SF,13,0,0,0,0,0,0,0,0,0,0,19.155,0.182,3.281,6.591,4.486,1.881,6.448,0,0,0,0,0,0,0,0
NumberFire,Jonathon Carter,K,SF,13,0,0,0,0,0,0,0,0,0,0,19.124,0.194,3.461,5.489,4.487,1.706,4.886,0,0,0,0,0,0,0,0
NFL,Jonathon Carter,K,SF,13,0,0,0,0,0,0,0,0,0,0,23.424,0.153,3.939,5.677,4.783,1.958,5.358,0,0,0,0,0,0,0,0
CBS,Tucker Pollard,K,NYJ,9,0,0,0,0,0,0,0,0,0,0,19.018,0.141,3.361,5.517,3.663,2.434,5.0,0,0,0,0,0,0,0,0
ESPN,Tucker Pollard,K,NYJ,9,0,0,0,0,0,0,0,0,0,0,22.79,0.191,3.315,5.039,3.544,2.052,5.879,0,0,0,0,0,0,0,0
FantasyPros,Tucker Pollard,K,NYJ,9,0,0,0,0,0,0,0,0,0,0,18.632,0.195,2.816,4.914,3.508,2.298,5.848,0,0,0,0,0,0,0,0
FFToday,Tucker Pollard,K,NYJ,9,0,0,0,0,0,0,0,0,0,0,18.2,0.187,3.336,4.663,4.268,1.917,4.516,0,0,0,0,0,0,0,0
NumberFire,Tucker Pollard,K,NYJ,9,0,0,0,0,0,0,0,0,0,0,18.374,0.179,3.579,5.897,4.256,2.318,5.635,0,0,0,0,0,0,0,0
NFL,Tucker Pollard,K,NYJ,9,0,0,0,0,0,0,0,0,0,0,20.86,0.158,3.035,4.569,3.992,1.825,4.013,0,0,0,0,0,0,0,0
CBS,Garrett Jefferson,K,TEN,5,0,0,0,0,0,0,0,0,0,0,19.402,0.127,3.337,5.965,3.896,1.698,4.832,0,0,0,0,0,0,0,0
ESPN,Garrett Jefferson,K,TEN,5,0,0,0,0,0,0,0,0,0,0,14.382,0.154,2.781,4.296,3.428,1.604,6.024,0,0,0,0,0,0,0,0
FantasyPros,Garrett Jefferson,K,TEN,5,0,0,0,0,0,0,0,0,0,0,17.54,0.124,2.644,4.804,4.51,1.894,5.066,0,0,0,0,0,0,0,0
FFToday,Garrett Jefferson,K,TEN,5,0,0,0,0,0,0,0,0,0,0,19.79,0.163,2.643,4.818,3.583,1.699,6.379,0,0,0,0,0,0,0,0
NumberFire,Garrett Jefferson,K,TEN,5,0,0,0,0,0,0,0,0,0,0,21.473,0.173,3.455,5.167,3.634,1.67,5.709,0,0,0,0,0,0,0,0
NFL,Garrett Jefferson,K,TEN,5,0,0,0,0,0,0,0,0,0,0,18.072,0.153,3.321,4.863,4.119,1.667,4.751,0,0,0,0,0,0,0,0
CBS,Cardinals DST,DST,ARI,5,0,0,0,0,0,0,0,0,0,0,0,0,0,0,0,0,0,42.992,13.955,9.402,3.141,0.439,0.614,11.645,18.257
ESPN,Cardinals DST,DST,ARI,5,0,0,0,0,0,0,0,0,0,0,0,0,0,0,0,0,0,45.267,12.062,8.546,3.117,0.476,0.6,12.344,19.579
FantasyPros,Cardinals DST,DST,ARI,5,0,0,0,0,0,0,0,0,0,0,0,0,0,0,0,0,0,47.453,12.837,9.361,2.838,0.535,0.664,10.959,21.535
FFToday,Cardinals DST,DST,ARI,5,0,0,0,0,0,0,0,0,0,0,0,0,0,0,0,0,0,40.809,11.903,9.075,3.312,0.501,0.586,11.937,19.565
NumberFire,Cardinals DST,DST,ARI,5,0,0,0,0,0,0,0,0,0,0,0,0,0,0,0,0,0,43.005,12.619,8.868,2.969,0.478,0.597,12.742,19.795
NFL,Cardinals DST,DST,ARI,5,0,0,0,0,0,0,0,0,0,0,0,0,0,0,0,0,0,41.343,12.428,9.188,2.999,0.487,0.565,11.739,19.104
CBS,Falcons DST,DST,ATL,6,0,0,0,0,0,0,0,0,0,0,0,0,0,0,0,0,0,43.34,12.75,8.588,3.092,0.475,0.586,12.793,21.322
ESPN,Falcons DST,DST,ATL,6,0,0,0,0,0,0,0,0,0,0,0,0,0,0,0,0,0,44.253,12.956,8.549,2.911,0.489,0.598,11.609,19.747
FantasyPros,Falcons DST,DST,ATL,6,0,0,0,0,0,0,0,0,0,0,0,0,0,0,0,0,0,43.074,13.194,8.299,3.039,0.469,0.654,10.999,21.663
FFToday,Falcons DST,DST,ATL,6,0,0,0,0,0,0,0,0,0,0,0,0,0,0,0,0,0,43.142,13.127,8.966,3.237,0.489,0.558,10.808,20.459
NumberFire,Falcons DST,DST,ATL,6,0,0,0,0,0,0,0,0,0,0,0,0,0,0,0,0,0,45.958,13.95,9.039,3.018,0.505,0.64,10.375,21.562
NFL,Falcons DST,DST,ATL,6,0,0,0,0,0,0,0,0,0,0,0,0,0,0,0,0,0,43.389,13.023,9.077,3.138,0.438,0.54,11.552,21.426
CBS,Ravens DST,DST,BAL,7,0,0,0,0,0,0,0,0,0,0,0,0,0,0,0,0,0,47.755,12.55,9.302,3.18,0.498,0.585,11.986,19.638
ESPN,Ravens DST,DST,BAL,7,0,0,0,0,0,0,0,0,0,0,0,0,0,0,0,0,0,41.359,13.092,8.11,2.978,0.504,0.563,11.027,20.054
FantasyPros,Ravens DST,DST,BAL,7,0,0,0,0,0,0,0,0,0,0,0,0,0,0,0,0,0,41.905,13.42,8.626,2.98,0.496,0.544,12.277,21.462
FFToday,Ravens DST,DST,BAL,7,0,0,0,0,0,0,0,0,0,0,0,0,0,0,0,0,0,38.537,12.509,8.204,2.76,0.483,0.587,10.764,19.594
NumberFire,Ravens DST,DST,BAL,7,0,0,0,0,0,0,0,0,0,0,0,0,0,0,0,0,0,43.211,11.479,8.675,2.937,0.492,0.597,11.858,20.967
NFL,Ravens DST,DST,BAL,7,0,0,0,0,0,0,0,0,0,0,0,0,0,0,0,0,0,41.122,12.77,8.982,2.982,0.491,0.583,10.743,21.479
CBS,Bills DST,DST,BUF,8,0,0,0,0,0,0,0,0,0,0,0,0,0,0,0,0,0,39.628,11.764,8.285,3.062,0.488,0.59,11.373,19.637
ESPN,Bills DST,DST,BUF,8,0,0,0,0,0,0,0,0,0,0,0,0,0,0,0,0,0,37.772,12.401,8.25,3.047,0.453,0.566,11.453,21.635
FantasyPros,Bills DST,DST,BUF,8,0,0,0,0,0,0,0,0,0,0,0,0,0,0,0,0,0,45.075,11.337,8.544,2.607,0.47,0.563,11.229,21.624
FFToday,Bills DST,DST,BUF,8,0,0,0,0,0,0,0,0,0,0,0,0,0,0,0,0,0,38.714,12.01,8.19,3.044,0.432,0.513,10.465,19.658
NumberFire,Bills DST,DST,BUF,8,0,0,0,0,0,0,0,0,0,0,0,0,0,0,0,0,0,36.923,12.211,8.036,3.075,0.434,0.54,11.89,22.821
NFL,Bills DST,DST,BUF,8,0,0,0,0,0,0,0,0,0,0,0,0,0,0,0,0,0,40.781,12.002,8.383,3.049,0.467,0.569,11.492,22.988
CBS,Panthers DST,DST,CAR,9,0,0,0,0,0,0,0,0,0,0,0,0,0,0,0,0,0,38.917,12.239,8.883,2.672,0.45,0.53,10.55,21.036
ESPN,Panthers DST,DST,CAR,9,0,0,0,0,0,0,0,0,0,0,0,0,0,0,0,0,0,40.043,11.456,9.175,3.026,0.464,0.503,12.318,19.784
FantasyPros,Panthers DST,DST,CAR,9,0,0,0,0,0,0,0,0,0,0,0,0,0,0,0,0,0,39.978,12.487,8.48,3.156,0.45,0.558,10.73,22.845
FFToday,Panthers DST,DST,CAR,9,0,0,0,0,0,0,0,0,0,0,0,0,0,0,0,0,0,39.403,11.907,7.876,2.849,0.485,0.53,10.968,20.243
NumberFire,Panthers DST,DST,CAR,9,0,0,0,0,0,0,0,0,0,0,0,0,0,0,0,0,0,42.247,12.218,8.859,2.772,0.443,0.507,10.444,20.916
NFL,Panthers DST,DST,CAR,9,0,0,0,0,0,0,0,0,0,0,0,0,0,0,0,0,0,42.601,12.442,7.77,2.652,0.41,0.47,11.594,21.67
CBS,Bears DST,DST,CHI,10,0,0,0,0,0,0,0,0,0,0,0,0,0,0,0,0,0,38.635,11.706,8.724,2.872,0.442,0.535,10.509,24.009
ESPN,Bears DST,DST,CHI,10,0,0,0,0,0,0,0,0,0,0,0,0,0,0,0,0,0,38.138,11.911,7.648,3.01,0.454,0.504,11.284,20.919
FantasyPros,Bears DST,DST,CHI,10,0,0,0,0,0,0,0,0,0,0,0,0,0,0,0,0,0,40.795,11.759,7.827,2.562,0.458,0.553,10.288,20.868
FFToday,Bears DST,DST,CHI,10,0,0,0,0,0,0,0,0,0,0,0,0,0,0,0,0,0,38.783,12.369,9.401,2.72,0.442,0.563,9.641,22.742
NumberFire,Bears DST,DST,CHI,10,0,0,0,0,0,0,0,0,0,0,0,0,0,0,0,0,0,39.027,10.704,7.289,2.979,0.421,0.536,11.981,23.694
NFL,Bears DST,DST,CHI,10,0,0,0,0,0,0,0,0,0,0,0,0,0,0,0,0,0,42.518,11.664,7.469,2.965,0.401,0.624,10.154,20.911
CBS,Bengals DST,DST,CIN,11,0,0,0,0,0,0,0,0,0,0,0,0,0,0,0,0,0,40.554,11.432,8.347,2.842,0.429,0.545,11.925,22.044
ESPN,Bengals DST,DST,CIN,11,0,0,0,0,0,0,0,0,0,0,0,0,0,0,0,0,0,41.658,12.381,7.944,2.828,0.421,0.587,10.843,22.922
FantasyPros,Bengals DST,DST,CIN,11,0,0,0,0,0,0,0,0,0,0,0,0,0,0,0,0,0,41.098,11.969,8.613,2.918,0.451,0.525,10.39,23.122
FFToday,Bengals DST,DST,CIN,11,0,0,0,0,0,0,0,0,0,0,0,0,0,0,0,0,0,36.931,12.436,9.606,3.036,0.457,0.599,10.295,21.423
NumberFire,Bengals DST,DST,CIN,11,0,0,0,0,0,0,0,0,0,0,0,0,0,0,0,0,0,37.23,11.168,7.384,2.514,0.469,0.527,10.139,21.61
NFL,Bengals DST,DST,CIN,11,0,0,0,0,0,0,0,0,0,0,0,0,0,0,0,0,0,39.81,10.165,8.261,2.704,0.484,0.548,10.651,21.353
CBS,Browns DST,DST,CLE,12,0,0,0,0,0,0,0,0,0,0,0,0,0,0,0,0,0,40.762,11.19,8.333,2.706,0.368,0.507,10.396,22.663
ESPN,Browns DST,DST,CLE,12,0,0,0,0,0,0,0,0,0,0,0,0,0,0,0,0,0,33.009,12.504,8.422,2.693,0.407,0.465,9.968,23.107
FantasyPros,Browns DST,DST,CLE,12,0,0,0,0,0,0,0,0,0,0,0,0,0,0,0,0,0,37.515,10.243,7.589,2.773,0.431,0.5,11.276,24.357
FFToday,Browns DST,DST,CLE,12,0,0,0,0,0,0,0,0,0,0,0,0,0,0,0,0,0,36.235,9.325,8.233,2.845,0.493,0.513,10.023,22.262
NumberFire,Browns DST,DST,CLE,12,0,0,0,0,0,0,0,0,0,0,0,0,0,0,0,0,0,43.167,11.93,8.331,2.691,0.45,0.567,9.356,22.745
NFL,Browns DST,DST,CLE,12,0,0,0,0,0,0,0,0,0,0,0,0,0,0,0,0,0,38.756,10.111,6.904,2.362,0.406,0.56,10.835,21.885
CBS,Cowboys DST,DST,DAL,13,0,0,0,0,0,0,0,0,0,0,0,0,0,0,0,0,0,37.958,11.897,7.252,2.575,0.442,0.488,10.849,21.794
ESPN,Cowboys DST,DST,DAL,13,0,0,0,0,0,0,0,0,0,0,0,0,0,0,0,0,0,38.146,11.014,6.975,2.685,0.437,0.57,9.985,26.423
FantasyPros,Cowboys DST,DST,DAL,13,0,0,0,0,0,0,0,0,0,0,0,0,0,0,0,0,0,37.015,10.749,7.754,2.618,0.421,0.539,10.534,21.225
FFToday,Cowboys DST,DST,DAL,13,0,0,0,0,0,0,0,0,0,0,0,0,0,0,0,0,0,32.105,11.573,6.764,2.661,0.428,0.476,10.455,21.713
NumberFire,Cowboys DST,DST,DAL,13,0,0,0,0,0,0,0,0,0,0,0,0,0,0,0,0,0,34.273,12.155,8.348,2.624,0.357,0.524,10.67,23.885
NFL,Cowboys DST,DST,DAL,13,0,0,0,0,0,0,0,0,0,0,0,0,0,0,0,0,0,39.689,11.026,7.499,2.659,0.415,0.536,9.953,20.591
CBS,Broncos DST,DST,DEN,14,0,0,0,0,0,0,0,0,0,0,0,0,0,0,0,0,0,34.899,11.362,8.029,2.886,0.403,0.491,10.299,25.383
ESPN,Broncos DST,DST,DEN,14,0,0,0,0,0,0,0,0,0,0,0,0,0,0,0,0,0,37.796,12.01,7.047,2.728,0.388,0.48,10.598,21.995
FantasyPros,Broncos DST,DST,DEN,14,0,0,0,0,0,0,0,0,0,0,0,0,0,0,0,0,0,35.8,11.108,7.369,2.578,0.393,0.544,11.59,23.731
FFToday,Broncos DST,DST,DEN,14,0,0,0,0,0,0,0,0,0,0,0,0,0,0,0,0,0,39.151,11.696,7.99,2.672,0.403,0.512,10.096,26.127
NumberFire,Broncos DST,DST,DEN,14,0,0,0,0,0,0,0,0,0,0,0,0,0,0,0,0,0,36.714,12.474,8.536,2.577,0.396,0.475,10.048,23.352
NFL,Broncos DST,DST,DEN,14,0,0,0,0,0,0,0,0,0,0,0,0,0,0,0,0,0,37.828,10.489,8.028,2.655,0.377,0.469,9.786,21.682
CBS,Lions DST,DST,DET,5,0,0,0,0,0,0,0,0,0,0,0,0,0,0,0,0,0,38.531,10.682,9.487,2.45,0.457,0.539,8.55,25.069
ESPN,Lions DST,DST,DET,5,0,0,0,0,0,0,0,0,0,0,0,0,0,0,0,0,0,39.745,11.035,6.515,2.089,0.479,0.448,9.259,22.884
FantasyPros,Lions DST,DST,DET,5,0,0,0,0,0,0,0,0,0,0,0,0,0,0,0,0,0,35.249,9.812,7.396,2.443,0.443,0.521,9.57,25.572
FFToday,Lions DST,DST,DET,5,0,0,0,0,0,0,0,0,0,0,0,0,0,0,0,0,0,40.936,9.934,8.128,2.542,0.444,0.462,8.997,25.571
NumberFire,Lions DST,DST,DET,5,0,0,0,0,0,0,0,0,0,0,0,0,0,0,0,0,0,39.605,10.352,6.905,2.322,0.457,0.503,9.498,23.084
NFL,Lions DST,DST,DET,5,0,0,0,0,0,0,0,0,0,0,0,0,0,0,0,0,0,30.98,9.961,7.811,2.623,0.44,0.455,8.813,23.178
CBS,Packers DST,DST,GB,6,0,0,0,0,0,0,0,0,0,0,0,0,0,0,0,0,0,35.563,10.616,7.54,2.839,0.4,0.475,9.224,24.778
ESPN,Packers DST,DST,GB,6,0,0,0,0,0,0,0,0,0,0,0,0,0,0,0,0,0,33.052,10.23,7.623,2.464,0.399,0.487,8.604,28.136
FantasyPros,Packers DST,DST,GB,6,0,0,0,0,0,0,0,0,0,0,0,0,0,0,0,0,0,32.434,11.94,7.145,2.222,0.395,0.485,10.496,26.955
FFToday,Packers DST,DST,GB,6,0,0,0,0,0,0,0,0,0,0,0,0,0,0,0,0,0,31.853,8.836,6.67,2.432,0.408,0.513,10.673,24.71
NumberFire,Packers DST,DST,GB,6,0,0,0,0,0,0,0,0,0,0,0,0,0,0,0,0,0,37.23,8.878,6.896,2.184,0.375,0.49,9.629,19.542
NFL,Packers DST,DST,GB,6,0,0,0,0,0,0,0,0,0,0,0,0,0,0,0,0,0,32.231,10.603,7.372,2.74,0.392,0.506,10.444,25.791
CBS,Texans DST,DST,HOU,7,0,0,0,0,0,0,0,0,0,0,0,0,0,0,0,0,0,39.151,10.759,7.184,2.878,0.385,0.449,9.763,26.045
ESPN,Texans DST,DST,HOU,7,0,0,0,0,0,0,0,0,0,0,0,0,0,0,0,0,0,29.003,9.759,7.246,1.936,0.401,0.458,9.976,24.889
FantasyPros,Texans DST,DST,HOU,7,0,0,0,0,0,0,0,0,0,0,0,0,0,0,0,0,0,37.039,10.632,5.913,2.357,0.406,0.497,9.121,26.098
FFToday,Texans DST,DST,HOU,7,0,0,0,0,0,0,0,0,0,0,0,0,0,0,0,0,0,30.586,10.228,7.503,2.357,0.463,0.423,10.05,24.236
NumberFire,Texans DST,DST,HOU,7,0,0,0,0,0,0,0,0,0,0,0,0,0,0,0,0,0,33.262,10.614,6.716,2.639,0.374,0.501,10.493,24.485
NFL,Texans DST,DST,HOU,7,0,0,0,0,0,0,0,0,0,0,0,0,0,0,0,0,0,33.165,9.793,8.219,2.296,0.317,0.445,8.348,29.725
CBS,Colts DST,DST,IND,8,0,0,0,0,0,0,0,0,0,0,0,0,0,0,0,0,0,39.409,10.127,5.902,2.264,0.396,0.482,9.621,23.715
ESPN,Colts DST,DST,IND,8,0,0,0,0,0,0,0,0,0,0,0,0,0,0,0,0,0,36.24,9.103,6.792,2.111,0.358,0.442,9.155,25.218
FantasyPros,Colts DST,DST,IND,8,0,0,0,0,0,0,0,0,0,0,0,0,0,0,0,0,0,30.569,11.724,7.391,2.486,0.324,0.511,8.663,29.398
FFToday,Colts DST,DST,IND,8,0,0,0,0,0,0,0,0,0,0,0,0,0,0,0,0,0,34.561,10.839,5.802,2.487,0.343,0.497,9.842,26.44
NumberFire,Colts DST,DST,IND,8,0,0,0,0,0,0,0,0,0,0,0,0,0,0,0,0,0,36.576,10.941,7.549,2.524,0.413,0.426,9.961,23.642
NFL,Colts DST,DST,IND,8,0,0,0,0,0,0,0,0,0,0,0,0,0,0,0,0,0,34.321,10.177,6.521,2.369,0.402,0.504,8.857,25.687
CBS,Jaguars DST,DST,JAX,9,0,0,0,0,0,0,0,0,0,0,0,0,0,0,0,0,0,27.405,11.342,6.613,2.32,0.404,0.437,9.221,27.531
ESPN,Jaguars DST,DST,JAX,9,0,0,0,0,0,0,0,0,0,0,0,0,0,0,0,0,0,29.417,10.123,6.068,2.203,0.427,0.495,7.969,27.882
FantasyPros,Jaguars DST,DST,JAX,9,0,0,0,0,0,0,0,0,0,0,0,0,0,0,0,0,0,34.254,11.025,7.404,2.314,0.388,0.429,9.809,25.23
FFToday,Jaguars DST,DST,JAX,9,0,0,0,0,0,0,0,0,0,0,0,0,0,0,0,0,0,36.058,8.866,6.525,2.388,0.296,0.457,9.186,28.914
NumberFire,Jaguars DST,DST,JAX,9,0,0,0,0,0,0,0,0,0,0,0,0,0,0,0,0,0,36.503,9.858,7.326,2.351,0.432,0.479,9.482,27.047
NFL,Jaguars DST,DST,JAX,9,0,0,0,0,0,0,0,0,0,0,0,0,0,0,0,0,0,32.992,10.333,7.665,2.387,0.349,0.473,9.116,28.333
CBS,Chiefs DST,DST,KC,10,0,0,0,0,0,0,0,0,0,0,0,0,0,0,0,0,0,30.733,9.387,6.743,2.506,0.386,0.404,8.889,24.713
ESPN,Chiefs DST,DST,KC,10,0,0,0,0,0,0,0,0,0,0,0,0,0,0,0,0,0,33.452,10.629,7.073,2.282,0.373,0.48,8.751,21.434
FantasyPros,Chiefs DST,DST,KC,10,0,0,0,0,0,0,0,0,0,0,0,0,0,0,0,0,0,31.667,9.772,7.149,2.619,0.359,0.395,7.569,22.908
FFToday,Chiefs DST,DST,KC,10,0,0,0,0,0,0,0,0,0,0,0,0,0,0,0,0,0,34.261,10.466,6.425,2.556,0.405,0.41,8.731,29.269
NumberFire,Chiefs DST,DST,KC,10,0,0,0,0,0,0,0,0,0,0,0,0,0,0,0,0,0,35.437,9.822,7.171,2.211,0.402,0.463,8.022,24.468
NFL,Chiefs DST,DST,KC,10,0,0,0,0,0,0,0,0,0,0,0,0,0,0,0,0,0,33.525,10.596,7.154,2.035,0.442,0.465,8.99,30.351
CBS,Chargers DST,DST,LAC,11,0,0,0,0,0,0,0,0,0,0,0,0,0,0,0,0,0,35.778,8.126,6.046,2.489,0.332,0.479,7.915,27.893
ESPN,Chargers DST,DST,LAC,11,0,0,0,0,0,0,0,0,0,0,0,0,0,0,0,0,0,34.111,7.85,6.878,2.396,0.407,0.501,8.868,26.065
FantasyPros,Chargers DST,DST,LAC,11,0,0,0,0,0,0,0,0,0,0,0,0,0,0,0,0,0,27.159,10.392,6.966,2.195,0.353,0.398,8.68,25.362
FFToday,Chargers DST,DST,LAC,11,0,0,0,0,0,0,0,0,0,0,0,0,0,0,0,0,0,28.563,9.902,5.912,2.342,0.293,0.464,8.233,28.045
NumberFire,Chargers DST,DST,LAC,11,0,0,0,0,0,0,0,0,0,0,0,0,0,0,0,0,0,26.86,9.28,5.248,1.954,0.418,0.398,8.036,26.928
NFL,Chargers DST,DST,LAC,11,0,0,0,0,0,0,0,0,0,0,0,0,0,0,0,0,0,30.936,7.94,6.403,2.375,0.34,0.434,7.864,30.314
CBS,Rams DST,DST,LAR,12,0,0,0,0,0,0,0,0,0,0,0,0,0,0,0,0,0,29.735,7.255,6.021,1.893,0.391,0.397,9.893,31.281
ESPN,Rams DST,DST,LAR,12,0,0,0,0,0,0,0,0,0,0,0,0,0,0,0,0,0,31.826,8.895,7.332,2.17,0.353,0.462,7.99,27.066
FantasyPros,Rams DST,DST,LAR,12,0,0,0,0,0,0,0,0,0,0,0,0,0,0,0,0,0,29.988,10.207,6.425,1.969,0.343,0.418,6.875,28.11
FFToday,Rams DST,DST,LAR,12,0,0,0,0,0,0,0,0,0,0,0,0,0,0,0,0,0,29.906,8.246,7.485,2.276,0.373,0.434,8.019,26.682
NumberFire,Rams DST,DST,LAR,12,0,0,0,0,0,0,0,0,0,0,0,0,0,0,0,0,0,37.101,9.036,6.943,2.23,0.318,0.447,8.973,27.106
NFL,Rams DST,DST,LAR,12,0,0,0,0,0,0,0,0,0,0,0,0,0,0,0,0,0,32.08,9.674,6.551,2.362,0.331,0.301,7.404,29.884
CBS,Raiders DST,DST,LV,13,0,0,0,0,0,0,0,0,0,0,0,0,0,0,0,0,0,28.486,8.274,6.526,2.318,0.349,0.393,8.082,27.642
ESPN,Raiders DST,DST,LV,13,0,0,0,0,0,0,0,0,0,0,0,0,0,0,0,0,0,29.419,7.891,5.302,2.189,0.31,0.401,7.764,29.363
FantasyPros,Raiders DST,DST,LV,13,0,0,0,0,0,0,0,0,0,0,0,0,0,0,0,0,0,30.355,8.564,6.77,2.227,0.396,0.464,9.411,28.73
FFToday,Raiders DST,DST,LV,13,0,0,0,0,0,0,0,0,0,0,0,0,0,0,0,0,0,25.313,8.562,6.086,2.069,0.357,0.405,8.609,31.272
NumberFire,Raiders DST,DST,LV,13,0,0,0,0,0,0,0,0,0,0,0,0,0,0,0,0,0,30.079,10.016,6.405,2.155,0.354,0.384,7.606,29.9
NFL,Raiders DST,DST,LV,13,0,0,0,0,0,0,0,0,0,0,0,0,0,0,0,0,0,27.68,9.441,6.123,2.075,0.349,0.457,9.312,33.051
CBS,Dolphins DST,DST,MIA,14,0,0,0,0,0,0,0,0,0,0,0,0,0,0,0,0,0,33.866,8.461,6.896,2.304,0.375,0.41,7.164,28.769
ESPN,Dolphins DST,DST,MIA,14,0,0,0,0,0,0,0,0,0,0,0,0,0,0,0,0,0,26.549,9.404,6.403,2.138,0.309,0.403,7.797,30.693
FantasyPros,Dolphins DST,DST,MIA,14,0,0,0,0,0,0,0,0,0,0,0,0,0,0,0,0,0,26.857,8.781,5.621,2.202,0.356,0.412,7.923,26.747
FFToday,Dolphins DST,DST,MIA,14,0,0,0,0,0,0,0,0,0,0,0,0,0,0,0,0,0,28.818,9.777,6.294,2.322,0.356,0.404,7.966,27.577
NumberFire,Dolphins DST,DST,MIA,14,0,0,0,0,0,0,0,0,0,0,0,0,0,0,0,0,0,29.476,7.747,6.18,2.039,0.314,0.469,9.045,27.066
NFL,Dolphins DST,DST,MIA,14,0,0,0,0,0,0,0,0,0,0,0,0,0,0,0,0,0,29.031,8.209,6.097,2.292,0.298,0.337,6.822,25.599
CBS,Vikings DST,DST,MIN,5,0,0,0,0,0,0,0,0,0,0,0,0,0,0,0,0,0,30.738,9.436,5.741,2.176,0.335,0.402,8.641,28.836
ESPN,Vikings DST,DST,MIN,5,0,0,0,0,0,0,0,0,0,0,0,0,0,0,0,0,0,23.109,8.895,6.843,2.151,0.35,0.349,8.428,30.859
FantasyPros,Vikings DST,DST,MIN,5,0,0,0,0,0,0,0,0,0,0,0,0,0,0,0,0,0,26.249,9.739,6.264,1.833,0.287,0.423,9.066,28.933
FFToday,Vikings DST,DST,MIN,5,0,0,0,0,0,0,0,0,0,0,0,0,0,0,0,0,0,30.572,9.215,6.956,2.346,0.349,0.434,7.921,30.808
NumberFire,Vikings DST,DST,MIN,5,0,0,0,0,0,0,0,0,0,0,0,0,0,0,0,0,0,28.888,8.346,5.719,2.129,0.304,0.355,8.435,25.353
NFL,Vikings DST,DST,MIN,5,0,0,0,0,0,0,0,0,0,0,0,0,0,0,0,0,0,33.122,8.621,5.324,2.097,0.395,0.344,9.61,30.415
CBS,Patriots DST,DST,NE,6,0,0,0,0,0,0,0,0,0,0,0,0,0,0,0,0,0,29.314,8.385,5.527,1.829,0.339,0.456,8.078,25.621
ESPN,Patriots DST,DST,NE,6,0,0,0,0,0,0,0,0,0,0,0,0,0,0,0,0,0,30.593,8.803,5.836,2.115,0.35,0.476,7.807,30.444
FantasyPros,Patriots DST,DST,NE,6,0,0,0,0,0,0,0,0,0,0,0,0,0,0,0,0,0,31.891,9.213,6.385,1.629,0.29,0.432,10.245,34.994
FFToday,Patriots DST,DST,NE,6,0,0,0,0,0,0,0,0,0,0,0,0,0,0,0,0,0,30.889,9.104,6.48,2.326,0.301,0.428,8.16,31.761
NumberFire,Patriots DST,DST,NE,6,0,0,0,0,0,0,0,0,0,0,0,0,0,0,0,0,0,25.054,8.179,5.793,2.115,0.288,0.394,7.817,32.567
NFL,Patriots DST,DST,NE,6,0,0,0,0,0,0,0,0,0,0,0,0,0,0,0,0,0,27.156,7.183,6.311,2.295,0.422,0.416,7.873,32.27
CBS,Saints DST,DST,NO,7,0,0,0,0,0,0,0,0,0,0,0,0,0,0,0,0,0,24.344,8.333,6.394,2.114,0.294,0.359,7.103,28.4
ESPN,Saints DST,DST,NO,7,0,0,0,0,0,0,0,0,0,0,0,0,0,0,0,0,0,27.525,8.495,5.476,2.176,0.367,0.434,8.149,30.652
FantasyPros,Saints DST,DST,NO,7,0,0,0,0,0,0,0,0,0,0,0,0,0,0,0,0,0,26.43,8.416,4.759,1.743,0.309,0.316,7.688,32.761
FFToday,Saints DST,DST,NO,7,0,0,0,0,0,0,0,0,0,0,0,0,0,0,0,0,0,29.886,9.578,5.318,1.896,0.33,0.367,6.955,31.061
NumberFire,Saints DST,DST,NO,7,0,0,0,0,0,0,0,0,0,0,0,0,0,0,0,0,0,30.971,8.445,5.589,2.13,0.347,0.402,7.164,31.874
NFL,Saints DST,DST,NO,7,0,0,0,0,0,0,0,0,0,0,0,0,0,0,0,0,0,23.067,7.669,5.327,2.232,0.325,0.424,8.27,23.183
CBS,Giants DST,DST,NYG,8,0,0,0,0,0,0,0,0,0,0,0,0,0,0,0,0,0,25.204,7.57,6.013,1.937,0.31,0.343,8.216,32.998
ESPN,Giants DST,DST,NYG,8,0,0,0,0,0,0,0,0,0,0,0,0,0,0,0,0,0,27.508,8.802,5.517,1.775,0.233,0.384,7.898,26.594
FantasyPros,Giants DST,DST,NYG,8,0,0,0,0,0,0,0,0,0,0,0,0,0,0,0,0,0,30.143,9.268,5.523,1.838,0.267,0.368,8.587,35.72
FFToday,Giants DST,DST,NYG,8,0,0,0,0,0,0,0,0,0,0,0,0,0,0,0,0,0,30.109,8.895,5.259,1.928,0.321,0.358,6.829,30.465
NumberFire,Giants DST,DST,NYG,8,0,0,0,0,0,0,0,0,0,0,0,0,0,0,0,0,0,23.811,8.075,4.859,1.826,0.264,0.391,6.361,34.913
NFL,Giants DST,DST,NYG,8,0,0,0,0,0,0,0,0,0,0,0,0,0,0,0,0,0,26.523,7.046,5.193,1.756,0.312,0.402,6.748,34.298
CBS,Jets DST,DST,NYJ,9,0,0,0,0,0,0,0,0,0,0,0,0,0,0,0,0,0,25.071,9.099,5.469,1.81,0.274,0.386,7.144,35.351
ESPN,Jets DST,DST,NYJ,9,0,0,0,0,0,0,0,0,0,0,0,0,0,0,0,0,0,25.753,8.325,5.226,2.149,0.333,0.373,8.183,29.726
FantasyPros,Jets DST,DST,NYJ,9,0,0,0,0,0,0,0,0,0,0,0,0,0,0,0,0,0,30.864,7.791,5.268,1.513,0.28,0.44,6.515,28.689
FFToday,Jets DST,DST,NYJ,9,0,0,0,0,0,0,0,0,0,0,0,0,0,0,0,0,0,24.322,6.098,4.878,1.885,0.278,0.397,7.423,32.14
NumberFire,Jets DST,DST,NYJ,9,0,0,0,0,0,0,0,0,0,0,0,0,0,0,0,0,0,24.734,9.08,4.981,1.735,0.265,0.313,6.843,31.366
NFL,Jets DST,DST,NYJ,9,0,0,0,0,0,0,0,0,0,0,0,0,0,0,0,0,0,27.633,8.441,5.782,1.931,0.379,0.358,6.821,28.772
CBS,Eagles DST,DST,PHI,10,0,0,0,0,0,0,0,0,0,0,0,0,0,0,0,0,0,32.452,7.566,6.224,1.799,0.316,0.389,6.633,37.121
ESPN,Eagles DST,DST,PHI,10,0,0,0,0,0,0,0,0,0,0,0,0,0,0,0,0,0,23.911,6.419,5.648,2.082,0.302,0.404,6.303,32.269
FantasyPros,Eagles DST,DST,PHI,10,0,0,0,0,0,0,0,0,0,0,0,0,0,0,0,0,0,21.882,7.366,5.865,1.842,0.331,0.357,6.505,30.855
FFToday,Eagles DST,DST,PHI,10,0,0,0,0,0,0,0,0,0,0,0,0,0,0,0,0,0,25.284,8.602,6.431,2.004,0.361,0.427,5.619,26.673
NumberFire,Eagles DST,DST,PHI,10,0,0,0,0,0,0,0,0,0,0,0,0,0,0,0,0,0,25.479,7.877,5.054,1.69,0.31,0.373,7.224,35.678
NFL,Eagles DST,DST,PHI,10,0,0,0,0,0,0,0,0,0,0,0,0,0,0,0,0,0,28.909,7.961,5.483,1.909,0.34,0.479,8.333,36.929
CBS,Steelers DST,DST,PIT,11,0,0,0,0,0,0,0,0,0,0,0,0,0,0,0,0,0,25.497,7.923,5.175,1.598,0.337,0.293,5.749,30.656
ESPN,Steelers DST,DST,PIT,11,0,0,0,0,0,0,0,0,0,0,0,0,0,0,0,0,0,24.486,8.25,5.25,1.89,0.267,0.415,6.838,32.762
FantasyPros,Steelers DST,DST,PIT,11,0,0,0,0,0,0,0,0,0,0,0,0,0,0,0,0,0,25.432,8.154,5.117,1.436,0.259,0.292,7.19,34.709
FFToday,Steelers DST,DST,PIT,11,0,0,0,0,0,0,0,0,0,0,0,0,0,0,0,0,0,27.065,7.714,4.814,1.659,0.257,0.338,6.466,32.718
NumberFire,Steelers DST,DST,PIT,11,0,0,0,0,0,0,0,0,0,0,0,0,0,0,0,0,0,25.815,6.677,5.489,1.638,0.228,0.343,7.59,31.519
NFL,Steelers DST,DST,PIT,11,0,0,0,0,0,0,0,0,0,0,0,0,0,0,0,0,0,24.262,7.591,4.937,1.826,0.328,0.344,6.487,36.784
CBS,Seahawks DST,DST,SEA,12,0,0,0,0,0,0,0,0,0,0,0,0,0,0,0,0,0,22.37,6.487,5.578,1.835,0.243,0.27,5.733,32.406
ESPN,Seahawks DST,DST,SEA,12,0,0,0,0,0,0,0,0,0,0,0,0,0,0,0,0,0,20.784,7.957,4.66,1.38,0.28,0.321,6.708,34.464
FantasyPros,Seahawks DST,DST,SEA,12,0,0,0,0,0,0,0,0,0,0,0,0,0,0,0,0,0,23.0,6.601,4.054,1.522,0.295,0.315,6.95,33.88
FFToday,Seahawks DST,DST,SEA,12,0,0,0,0,0,0,0,0,0,0,0,0,0,0,0,0,0,22.143,5.726,4.792,1.632,0.298,0.287,6.45,33.924
NumberFire,Seahawks DST,DST,SEA,12,0,0,0,0,0,0,0,0,0,0,0,0,0,0,0,0,0,19.578,7.273,4.483,1.94,0.255,0.366,7.323,40.331
NFL,Seahawks DST,DST,SEA,12,0,0,0,0,0,0,0,0,0,0,0,0,0,0,0,0,0,22.552,7.685,4.584,1.612,0.322,0.294,5.896,37.772
CBS,49ers DST,DST,SF,13,0,0,0,0,0,0,0,0,0,0,0,0,0,0,0,0,0,24.39,4.333,4.411,1.725,0.234,0.29,6.138,39.111
ESPN,49ers DST,DST,SF,13,0,0,0,0,0,0,0,0,0,0,0,0,0,0,0,0,0,19.905,6.074,4.928,1.526,0.267,0.294,5.919,34.213
FantasyPros,49ers DST,DST,SF,13,0,0,0,0,0,0,0,0,0,0,0,0,0,0,0,0,0,19.125,7.864,3.881,1.591,0.298,0.285,5.907,40.049
FFToday,49ers DST,DST,SF,13,0,0,0,0,0,0,0,0,0,0,0,0,0,0,0,0,0,22.292,5.577,4.292,1.736,0.326,0.303,6.596,44.123
NumberFire,49ers DST,DST,SF,13,0,0,0,0,0,0,0,0,0,0,0,0,0,0,0,0,0,20.456,5.988,4.477,1.624,0.279,0.257,5.396,35.411
NFL,49ers DST,DST,SF,13,0,0,0,0,0,0,0,0,0,0,0,0,0,0,0,0,0,21.913,5.623,4.053,1.265,0.216,0.366,5.219,42.165
CBS,Buccaneers DST,DST,TB,14,0,0,0,0,0,0,0,0,0,0,0,0,0,0,0,0,0,19.004,6.196,4.487,1.174,0.19,0.308,5.253,40.193
ESPN,Buccaneers DST,DST,TB,14,0,0,0,0,0,0,0,0,0,0,0,0,0,0,0,0,0,20.203,6.425,4.394,1.518,0.248,0.276,5.266,50.469
FantasyPros,Buccaneers DST,DST,TB,14,0,0,0,0,0,0,0,0,0,0,0,0,0,0,0,0,0,22.145,5.5,4.586,1.443,0.257,0.253,5.435,40.83
FFToday,Buccaneers DST,DST,TB,14,0,0,0,0,0,0,0,0,0,0,0,0,0,0,0,0,0,18.393,5.889,3.538,1.243,0.252,0.283,5.526,51.259
NumberFire,Buccaneers DST,DST,TB,14,0,0,0,0,0,0,0,0,0,0,0,0,0,0,0,0,0,21.967,7.142,4.443,1.347,0.232,0.238,6.274,31.426
NFL,Buccaneers DST,DST,TB,14,0,0,0,0,0,0,0,0,0,0,0,0,0,0,0,0,0,17.049,5.529,4.401,1.402,0.219,0.287,5.398,39.729
CBS,Titans DST,DST,TEN,5,0,0,0,0,0,0,0,0,0,0,0,0,0,0,0,0,0,23.39,6.563,3.743,1.449,0.197,0.311,3.872,41.872
ESPN,Titans DST,DST,TEN,5,0,0,0,0,0,0,0,0,0,0,0,0,0,0,0,0,0,15.391,6.021,3.709,1.363,0.209,0.222,6.194,39.445
FantasyPros,Titans DST,DST,TEN,5,0,0,0,0,0,0,0,0,0,0,0,0,0,0,0,0,0,18.479,5.858,3.613,1.563,0.247,0.265,5.999,39.591
FFToday,Titans DST,DST,TEN,5,0,0,0,0,0,0,0,0,0,0,0,0,0,0,0,0,0,17.69,6.226,3.179,1.035,0.197,0.219,4.768,54.034
NumberFire,Titans DST,DST,TEN,5,0,0,0,0,0,0,0,0,0,0,0,0,0,0,0,0,0,26.017,5.65,4.099,1.562,0.215,0.3,5.539,41.465
NFL,Titans DST,DST,TEN,5,0,0,0,0,0,0,0,0,0,0,0,0,0,0,0,0,0,18.604,5.337,3.519,1.414,0.222,0.267,5.618,49.77
CBS,Commanders DST,DST,WAS,6,0,0,0,0,0,0,0,0,0,0,0,0,0,0,0,0,0,17.409,5.6,3.426,1.348,0.196,0.234,4.751,44.884
ESPN,Commanders DST,DST,WAS,6,0,0,0,0,0,0,0,0,0,0,0,0,0,0,0,0,0,20.099,4.71,4.046,1.148,0.241,0.257,5.39,41.194
FantasyPros,Commanders DST,DST,WAS,6,0,0,0,0,0,0,0,0,0,0,0,0,0,0,0,0,0,20.293,4.659,3.567,1.259,0.222,0.271,5.616,38.985
FFToday,Commanders DST,DST,WAS,6,0,0,0,0,0,0,0,0,0,0,0,0,0,0,0,0,0,17.871,4.889,4.462,1.082,0.156,0.229,5.842,29.247
NumberFire,Commanders DST,DST,WAS,6,0,0,0,0,0,0,0,0,0,0,0,0,0,0,0,0,0,15.663,6.194,3.858,1.26,0.22,0.282,5.41,43.935
NFL,Commanders DST,DST,WAS,6,0,0,0,0,0,0,0,0,0,0,0,0,0,0,0,0,0,18.63,4.706,3.598,1.222,0.206,0.252,3.703,45.1
